SHA256 94813eeb36ed9d07fea0a95f41490d31bba2cf268f56ee68761eaba15fdf3557
{
  "passed": true,
  "implementation": "Pure Python signed components and infinitesimal matrix action; no repository imports; exact integer modular elimination.",
  "proof_scope": "Nonzero minor of the integral linear orbit-action matrix certifies generic orbit dimension45 in characteristic zero; invariance makes all invariant differentials annihilate those directions, giving generic bound126\u221245=81. This verifies an existing dimension argument, not rational generation or global separation.",
  "cells": [
    {
      "prime": 50021,
      "seed": 16999642918068834541,
      "orbit_rank": 45,
      "generators": [
        {
          "plane": [
            0,
            1
          ],
          "kind": "boost",
          "entries": [
            [
              0,
              1,
              1
            ],
            [
              1,
              0,
              1
            ]
          ]
        },
        {
          "plane": [
            0,
            2
          ],
          "kind": "boost",
          "entries": [
            [
              0,
              2,
              1
            ],
            [
              2,
              0,
              1
            ]
          ]
        },
        {
          "plane": [
            0,
            3
          ],
          "kind": "boost",
          "entries": [
            [
              0,
              3,
              1
            ],
            [
              3,
              0,
              1
            ]
          ]
        },
        {
          "plane": [
            0,
            4
          ],
          "kind": "boost",
          "entries": [
            [
              0,
              4,
              1
            ],
            [
              4,
              0,
              1
            ]
          ]
        },
        {
          "plane": [
            0,
            5
          ],
          "kind": "boost",
          "entries": [
            [
              0,
              5,
              1
            ],
            [
              5,
              0,
              1
            ]
          ]
        },
        {
          "plane": [
            0,
            6
          ],
          "kind": "boost",
          "entries": [
            [
              0,
              6,
              1
            ],
            [
              6,
              0,
              1
            ]
          ]
        },
        {
          "plane": [
            0,
            7
          ],
          "kind": "boost",
          "entries": [
            [
              0,
              7,
              1
            ],
            [
              7,
              0,
              1
            ]
          ]
        },
        {
          "plane": [
            0,
            8
          ],
          "kind": "boost",
          "entries": [
            [
              0,
              8,
              1
            ],
            [
              8,
              0,
              1
            ]
          ]
        },
        {
          "plane": [
            0,
            9
          ],
          "kind": "boost",
          "entries": [
            [
              0,
              9,
              1
            ],
            [
              9,
              0,
              1
            ]
          ]
        },
        {
          "plane": [
            1,
            2
          ],
          "kind": "rotation",
          "entries": [
            [
              1,
              2,
              1
            ],
            [
              2,
              1,
              -1
            ]
          ]
        },
        {
          "plane": [
            1,
            3
          ],
          "kind": "rotation",
          "entries": [
            [
              1,
              3,
              1
            ],
            [
              3,
              1,
              -1
            ]
          ]
        },
        {
          "plane": [
            1,
            4
          ],
          "kind": "rotation",
          "entries": [
            [
              1,
              4,
              1
            ],
            [
              4,
              1,
              -1
            ]
          ]
        },
        {
          "plane": [
            1,
            5
          ],
          "kind": "rotation",
          "entries": [
            [
              1,
              5,
              1
            ],
            [
              5,
              1,
              -1
            ]
          ]
        },
        {
          "plane": [
            1,
            6
          ],
          "kind": "rotation",
          "entries": [
            [
              1,
              6,
              1
            ],
            [
              6,
              1,
              -1
            ]
          ]
        },
        {
          "plane": [
            1,
            7
          ],
          "kind": "rotation",
          "entries": [
            [
              1,
              7,
              1
            ],
            [
              7,
              1,
              -1
            ]
          ]
        },
        {
          "plane": [
            1,
            8
          ],
          "kind": "rotation",
          "entries": [
            [
              1,
              8,
              1
            ],
            [
              8,
              1,
              -1
            ]
          ]
        },
        {
          "plane": [
            1,
            9
          ],
          "kind": "rotation",
          "entries": [
            [
              1,
              9,
              1
            ],
            [
              9,
              1,
              -1
            ]
          ]
        },
        {
          "plane": [
            2,
            3
          ],
          "kind": "rotation",
          "entries": [
            [
              2,
              3,
              1
            ],
            [
              3,
              2,
              -1
            ]
          ]
        },
        {
          "plane": [
            2,
            4
          ],
          "kind": "rotation",
          "entries": [
            [
              2,
              4,
              1
            ],
            [
              4,
              2,
              -1
            ]
          ]
        },
        {
          "plane": [
            2,
            5
          ],
          "kind": "rotation",
          "entries": [
            [
              2,
              5,
              1
            ],
            [
              5,
              2,
              -1
            ]
          ]
        },
        {
          "plane": [
            2,
            6
          ],
          "kind": "rotation",
          "entries": [
            [
              2,
              6,
              1
            ],
            [
              6,
              2,
              -1
            ]
          ]
        },
        {
          "plane": [
            2,
            7
          ],
          "kind": "rotation",
          "entries": [
            [
              2,
              7,
              1
            ],
            [
              7,
              2,
              -1
            ]
          ]
        },
        {
          "plane": [
            2,
            8
          ],
          "kind": "rotation",
          "entries": [
            [
              2,
              8,
              1
            ],
            [
              8,
              2,
              -1
            ]
          ]
        },
        {
          "plane": [
            2,
            9
          ],
          "kind": "rotation",
          "entries": [
            [
              2,
              9,
              1
            ],
            [
              9,
              2,
              -1
            ]
          ]
        },
        {
          "plane": [
            3,
            4
          ],
          "kind": "rotation",
          "entries": [
            [
              3,
              4,
              1
            ],
            [
              4,
              3,
              -1
            ]
          ]
        },
        {
          "plane": [
            3,
            5
          ],
          "kind": "rotation",
          "entries": [
            [
              3,
              5,
              1
            ],
            [
              5,
              3,
              -1
            ]
          ]
        },
        {
          "plane": [
            3,
            6
          ],
          "kind": "rotation",
          "entries": [
            [
              3,
              6,
              1
            ],
            [
              6,
              3,
              -1
            ]
          ]
        },
        {
          "plane": [
            3,
            7
          ],
          "kind": "rotation",
          "entries": [
            [
              3,
              7,
              1
            ],
            [
              7,
              3,
              -1
            ]
          ]
        },
        {
          "plane": [
            3,
            8
          ],
          "kind": "rotation",
          "entries": [
            [
              3,
              8,
              1
            ],
            [
              8,
              3,
              -1
            ]
          ]
        },
        {
          "plane": [
            3,
            9
          ],
          "kind": "rotation",
          "entries": [
            [
              3,
              9,
              1
            ],
            [
              9,
              3,
              -1
            ]
          ]
        },
        {
          "plane": [
            4,
            5
          ],
          "kind": "rotation",
          "entries": [
            [
              4,
              5,
              1
            ],
            [
              5,
              4,
              -1
            ]
          ]
        },
        {
          "plane": [
            4,
            6
          ],
          "kind": "rotation",
          "entries": [
            [
              4,
              6,
              1
            ],
            [
              6,
              4,
              -1
            ]
          ]
        },
        {
          "plane": [
            4,
            7
          ],
          "kind": "rotation",
          "entries": [
            [
              4,
              7,
              1
            ],
            [
              7,
              4,
              -1
            ]
          ]
        },
        {
          "plane": [
            4,
            8
          ],
          "kind": "rotation",
          "entries": [
            [
              4,
              8,
              1
            ],
            [
              8,
              4,
              -1
            ]
          ]
        },
        {
          "plane": [
            4,
            9
          ],
          "kind": "rotation",
          "entries": [
            [
              4,
              9,
              1
            ],
            [
              9,
              4,
              -1
            ]
          ]
        },
        {
          "plane": [
            5,
            6
          ],
          "kind": "rotation",
          "entries": [
            [
              5,
              6,
              1
            ],
            [
              6,
              5,
              -1
            ]
          ]
        },
        {
          "plane": [
            5,
            7
          ],
          "kind": "rotation",
          "entries": [
            [
              5,
              7,
              1
            ],
            [
              7,
              5,
              -1
            ]
          ]
        },
        {
          "plane": [
            5,
            8
          ],
          "kind": "rotation",
          "entries": [
            [
              5,
              8,
              1
            ],
            [
              8,
              5,
              -1
            ]
          ]
        },
        {
          "plane": [
            5,
            9
          ],
          "kind": "rotation",
          "entries": [
            [
              5,
              9,
              1
            ],
            [
              9,
              5,
              -1
            ]
          ]
        },
        {
          "plane": [
            6,
            7
          ],
          "kind": "rotation",
          "entries": [
            [
              6,
              7,
              1
            ],
            [
              7,
              6,
              -1
            ]
          ]
        },
        {
          "plane": [
            6,
            8
          ],
          "kind": "rotation",
          "entries": [
            [
              6,
              8,
              1
            ],
            [
              8,
              6,
              -1
            ]
          ]
        },
        {
          "plane": [
            6,
            9
          ],
          "kind": "rotation",
          "entries": [
            [
              6,
              9,
              1
            ],
            [
              9,
              6,
              -1
            ]
          ]
        },
        {
          "plane": [
            7,
            8
          ],
          "kind": "rotation",
          "entries": [
            [
              7,
              8,
              1
            ],
            [
              8,
              7,
              -1
            ]
          ]
        },
        {
          "plane": [
            7,
            9
          ],
          "kind": "rotation",
          "entries": [
            [
              7,
              9,
              1
            ],
            [
              9,
              7,
              -1
            ]
          ]
        },
        {
          "plane": [
            8,
            9
          ],
          "kind": "rotation",
          "entries": [
            [
              8,
              9,
              1
            ],
            [
              9,
              8,
              -1
            ]
          ]
        }
      ],
      "generator_rows_45x126": [
        [
          0,
          0,
          0,
          0,
          0,
          0,
          0,
          0,
          0,
          0,
          0,
          0,
          0,
          0,
          0,
          0,
          0,
          0,
          0,
          0,
          0,
          0,
          0,
          0,
          0,
          0,
          0,
          0,
          0,
          0,
          0,
          0,
          0,
          0,
          0,
          0,
          0,
          0,
          0,
          0,
          0,
          0,
          0,
          0,
          0,
          0,
          0,
          0,
          0,
          0,
          0,
          0,
          0,
          0,
          0,
          0,
          26756,
          46895,
          12600,
          29904,
          7748,
          29881,
          20550,
          48745,
          26370,
          39702,
          34724,
          23505,
          19629,
          11405,
          6839,
          30364,
          34257,
          44849,
          18408,
          37655,
          16955,
          19212,
          7262,
          29251,
          20265,
          24513,
          3971,
          49068,
          29534,
          19393,
          22972,
          39681,
          16117,
          28971,
          17122,
          10492,
          477,
          11534,
          37911,
          8899,
          19901,
          9111,
          36457,
          28638,
          29130,
          30383,
          19388,
          4618,
          39436,
          9855,
          24040,
          11806,
          47497,
          34503,
          2833,
          4467,
          46712,
          45583,
          12807,
          9553,
          4163,
          11955,
          42007,
          35885,
          34448,
          22816,
          13124,
          29249,
          35696,
          37081
        ],
        [
          0,
          0,
          0,
          0,
          0,
          0,
          0,
          0,
          0,
          0,
          0,
          0,
          0,
          0,
          0,
          0,
          0,
          0,
          0,
          0,
          0,
          23265,
          3126,
          37421,
          20117,
          42273,
          20140,
          29471,
          1276,
          23651,
          10319,
          15297,
          26516,
          30392,
          38616,
          43182,
          19657,
          15764,
          5172,
          31613,
          12366,
          33066,
          30809,
          42759,
          20770,
          29756,
          25508,
          46050,
          953,
          20487,
          30628,
          27049,
          10340,
          33904,
          21050,
          32899,
          0,
          0,
          0,
          0,
          0,
          0,
          0,
          0,
          0,
          0,
          0,
          0,
          0,
          0,
          0,
          0,
          0,
          0,
          0,
          0,
          0,
          0,
          0,
          0,
          0,
          0,
          0,
          0,
          0,
          0,
          0,
          0,
          0,
          0,
          0,
          31505,
          18323,
          5727,
          3961,
          12906,
          24791,
          26155,
          28685,
          1161,
          48483,
          20019,
          30499,
          12470,
          40150,
          34239,
          27007,
          7898,
          40280,
          32115,
          6483,
          21539,
          48245,
          1285,
          5046,
          15603,
          9598,
          6515,
          40288,
          3919,
          6574,
          24171,
          2688,
          16232,
          10813,
          33617
        ],
        [
          0,
          0,
          0,
          0,
          0,
          0,
          26756,
          46895,
          12600,
          29904,
          7748,
          29881,
          20550,
          48745,
          26370,
          39702,
          34724,
          23505,
          19629,
          11405,
          6839,
          0,
          0,
          0,
          0,
          0,
          0,
          0,
          0,
          0,
          0,
          0,
          0,
          0,
          0,
          0,
          39529,
          49544,
          38487,
          12110,
          41122,
          30120,
          40910,
          13564,
          21383,
          20891,
          19638,
          30633,
          45403,
          10585,
          40166,
          25981,
          38215,
          2524,
          15518,
          47188,
          0,
          0,
          0,
          0,
          0,
          0,
          0,
          0,
          0,
          0,
          0,
          0,
          0,
          0,
          0,
          18516,
          31698,
          44294,
          46060,
          37115,
          25230,
          23866,
          21336,
          48860,
          1538,
          30002,
          19522,
          37551,
          9871,
          15782,
          23014,
          42123,
          9741,
          17906,
          43538,
          0,
          0,
          0,
          0,
          0,
          0,
          0,
          0,
          0,
          0,
          0,
          0,
          0,
          0,
          0,
          0,
          0,
          0,
          0,
          0,
          8491,
          26533,
          17766,
          6134,
          46428,
          20270,
          35695,
          13738,
          3391,
          45698,
          39917,
          37251,
          11299,
          41957,
          47285
        ],
        [
          0,
          23265,
          3126,
          37421,
          20117,
          42273,
          0,
          0,
          0,
          0,
          0,
          30364,
          34257,
          44849,
          18408,
          37655,
          16955,
          19212,
          7262,
          29251,
          20265,
          0,
          0,
          0,
          0,
          0,
          10492,
          477,
          11534,
          37911,
          8899,
          19901,
          9111,
          36457,
          28638,
          29130,
          0,
          0,
          0,
          0,
          0,
          0,
          0,
          0,
          0,
          0,
          45554,
          3309,
          4438,
          37214,
          40468,
          45858,
          38066,
          8014,
          14136,
          15573,
          0,
          0,
          0,
          0,
          0,
          31505,
          18323,
          5727,
          3961,
          12906,
          24791,
          26155,
          28685,
          1161,
          48483,
          0,
          0,
          0,
          0,
          0,
          0,
          0,
          0,
          0,
          0,
          28482,
          1776,
          48736,
          44975,
          34418,
          40423,
          43506,
          9733,
          46102,
          43447,
          0,
          0,
          0,
          0,
          0,
          0,
          0,
          0,
          0,
          0,
          41530,
          23488,
          32255,
          43887,
          3593,
          29751,
          14326,
          36283,
          46630,
          4323,
          0,
          0,
          0,
          0,
          0,
          0,
          0,
          0,
          0,
          0,
          9828,
          36855,
          49837,
          10080,
          25262
        ],
        [
          26756,
          0,
          20140,
          29471,
          1276,
          23651,
          0,
          19657,
          15764,
          5172,
          31613,
          0,
          0,
          0,
          0,
          24513,
          3971,
          49068,
          29534,
          19393,
          22972,
          0,
          39529,
          49544,
          38487,
          12110,
          0,
          0,
          0,
          0,
          30383,
          19388,
          4618,
          39436,
          9855,
          24040,
          0,
          0,
          0,
          0,
          4467,
          46712,
          45583,
          12807,
          9553,
          4163,
          0,
          0,
          0,
          0,
          0,
          0,
          27205,
          36897,
          20772,
          14325,
          0,
          18516,
          31698,
          44294,
          46060,
          0,
          0,
          0,
          0,
          20019,
          30499,
          12470,
          40150,
          34239,
          27007,
          0,
          0,
          0,
          0,
          21539,
          48245,
          1285,
          5046,
          15603,
          9598,
          0,
          0,
          0,
          0,
          0,
          0,
          25850,
          47333,
          33789,
          39208,
          0,
          0,
          0,
          0,
          8491,
          26533,
          17766,
          6134,
          46428,
          20270,
          0,
          0,
          0,
          0,
          0,
          0,
          10104,
          12770,
          38722,
          8064,
          0,
          0,
          0,
          0,
          0,
          0,
          40193,
          13166,
          184,
          39941,
          0,
          0,
          0,
          0,
          13730
        ],
        [
          46895,
          29881,
          0,
          10319,
          15297,
          26516,
          30364,
          0,
          12366,
          33066,
          30809,
          0,
          25508,
          46050,
          953,
          0,
          0,
          0,
          39681,
          16117,
          28971,
          10492,
          0,
          41122,
          30120,
          40910,
          0,
          19638,
          30633,
          45403,
          0,
          0,
          0,
          11806,
          47497,
          34503,
          0,
          45554,
          3309,
          4438,
          0,
          0,
          0,
          11955,
          42007,
          35885,
          0,
          0,
          0,
          22816,
          13124,
          29249,
          0,
          0,
          0,
          12940,
          31505,
          0,
          37115,
          25230,
          23866,
          0,
          30002,
          19522,
          37551,
          0,
          0,
          0,
          7898,
          40280,
          32115,
          0,
          28482,
          1776,
          48736,
          0,
          0,
          0,
          6515,
          40288,
          3919,
          0,
          0,
          0,
          24171,
          2688,
          16232,
          0,
          0,
          0,
          16404,
          0,
          41530,
          23488,
          32255,
          0,
          0,
          0,
          35695,
          13738,
          3391,
          0,
          0,
          0,
          39917,
          37251,
          11299,
          0,
          0,
          0,
          2736,
          0,
          0,
          0,
          9828,
          36855,
          49837,
          0,
          0,
          0,
          24759,
          0,
          0,
          0,
          36291,
          0
        ],
        [
          12600,
          20550,
          39702,
          0,
          30392,
          38616,
          34257,
          37655,
          0,
          42759,
          20770,
          24513,
          0,
          20487,
          30628,
          0,
          10340,
          33904,
          0,
          0,
          17122,
          477,
          8899,
          0,
          13564,
          21383,
          30383,
          0,
          10585,
          40166,
          0,
          38215,
          2524,
          0,
          0,
          2833,
          4467,
          0,
          37214,
          40468,
          0,
          38066,
          8014,
          0,
          0,
          34448,
          0,
          27205,
          36897,
          0,
          0,
          35696,
          0,
          0,
          37081,
          0,
          18323,
          12906,
          0,
          21336,
          48860,
          20019,
          0,
          9871,
          15782,
          0,
          42123,
          9741,
          0,
          0,
          6483,
          21539,
          0,
          44975,
          34418,
          0,
          43506,
          9733,
          0,
          0,
          6574,
          0,
          25850,
          47333,
          0,
          0,
          10813,
          0,
          0,
          33617,
          0,
          8491,
          0,
          43887,
          3593,
          0,
          14326,
          36283,
          0,
          0,
          45698,
          0,
          10104,
          12770,
          0,
          0,
          41957,
          0,
          0,
          47285,
          0,
          0,
          40193,
          13166,
          0,
          0,
          10080,
          0,
          0,
          25262,
          0,
          0,
          0,
          13730,
          0,
          0
        ],
        [
          29904,
          48745,
          34724,
          19629,
          0,
          43182,
          44849,
          16955,
          7262,
          0,
          29756,
          3971,
          29534,
          0,
          27049,
          39681,
          0,
          21050,
          0,
          32899,
          0,
          11534,
          19901,
          36457,
          0,
          20891,
          19388,
          39436,
          0,
          25981,
          11806,
          0,
          15518,
          0,
          47188,
          0,
          46712,
          12807,
          0,
          45858,
          11955,
          0,
          14136,
          0,
          15573,
          0,
          22816,
          0,
          20772,
          0,
          14325,
          0,
          0,
          12940,
          0,
          0,
          5727,
          24791,
          28685,
          0,
          1538,
          30499,
          40150,
          0,
          23014,
          7898,
          0,
          17906,
          0,
          43538,
          0,
          48245,
          5046,
          0,
          40423,
          6515,
          0,
          46102,
          0,
          43447,
          0,
          24171,
          0,
          33789,
          0,
          39208,
          0,
          0,
          16404,
          0,
          0,
          26533,
          6134,
          0,
          29751,
          35695,
          0,
          46630,
          0,
          4323,
          0,
          39917,
          0,
          38722,
          0,
          8064,
          0,
          0,
          2736,
          0,
          0,
          9828,
          0,
          184,
          0,
          39941,
          0,
          0,
          24759,
          0,
          0,
          0,
          36291,
          0,
          0,
          0
        ],
        [
          7748,
          26370,
          23505,
          11405,
          6839,
          0,
          18408,
          19212,
          29251,
          20265,
          0,
          49068,
          19393,
          22972,
          0,
          16117,
          28971,
          0,
          17122,
          0,
          0,
          37911,
          9111,
          28638,
          29130,
          0,
          4618,
          9855,
          24040,
          0,
          47497,
          34503,
          0,
          2833,
          0,
          0,
          45583,
          9553,
          4163,
          0,
          42007,
          35885,
          0,
          34448,
          0,
          0,
          13124,
          29249,
          0,
          35696,
          0,
          0,
          37081,
          0,
          0,
          0,
          3961,
          26155,
          1161,
          48483,
          0,
          12470,
          34239,
          27007,
          0,
          40280,
          32115,
          0,
          6483,
          0,
          0,
          1285,
          15603,
          9598,
          0,
          40288,
          3919,
          0,
          6574,
          0,
          0,
          2688,
          16232,
          0,
          10813,
          0,
          0,
          33617,
          0,
          0,
          0,
          17766,
          46428,
          20270,
          0,
          13738,
          3391,
          0,
          45698,
          0,
          0,
          37251,
          11299,
          0,
          41957,
          0,
          0,
          47285,
          0,
          0,
          0,
          36855,
          49837,
          0,
          10080,
          0,
          0,
          25262,
          0,
          0,
          0,
          13730,
          0,
          0,
          0,
          0
        ],
        [
          0,
          0,
          0,
          0,
          0,
          0,
          0,
          0,
          0,
          0,
          0,
          0,
          0,
          0,
          0,
          0,
          0,
          0,
          0,
          0,
          0,
          37081,
          14325,
          29249,
          36897,
          22816,
          34448,
          14136,
          42007,
          38066,
          4163,
          40468,
          12807,
          45583,
          3309,
          4467,
          47188,
          34503,
          2524,
          11806,
          25981,
          9855,
          10585,
          45403,
          19388,
          19638,
          29130,
          21383,
          36457,
          9111,
          30120,
          8899,
          12110,
          11534,
          49544,
          10492,
          33617,
          39208,
          16232,
          47333,
          24171,
          6574,
          46102,
          40288,
          43506,
          9598,
          34418,
          5046,
          1285,
          1776,
          21539,
          43538,
          32115,
          9741,
          7898,
          23014,
          34239,
          9871,
          37551,
          30499,
          30002,
          48483,
          48860,
          28685,
          26155,
          25230,
          12906,
          46060,
          5727,
          31698,
          31505,
          0,
          0,
          0,
          0,
          0,
          0,
          0,
          0,
          0,
          0,
          0,
          0,
          0,
          0,
          0,
          0,
          0,
          0,
          0,
          0,
          0,
          0,
          0,
          0,
          0,
          0,
          0,
          0,
          0,
          0,
          0,
          0,
          0,
          0,
          0
        ],
        [
          0,
          0,
          0,
          0,
          0,
          0,
          12940,
          35696,
          20772,
          13124,
          27205,
          15573,
          35885,
          8014,
          11955,
          45858,
          9553,
          37214,
          4438,
          46712,
          45554,
          0,
          0,
          0,
          0,
          0,
          0,
          0,
          0,
          0,
          0,
          0,
          0,
          0,
          0,
          0,
          17122,
          21050,
          16117,
          10340,
          22972,
          30628,
          29534,
          49068,
          46050,
          24513,
          29756,
          29251,
          42759,
          30809,
          16955,
          12366,
          18408,
          5172,
          34257,
          19657,
          47285,
          8064,
          11299,
          12770,
          39917,
          45698,
          46630,
          13738,
          14326,
          20270,
          3593,
          6134,
          17766,
          23488,
          8491,
          0,
          0,
          0,
          0,
          0,
          0,
          0,
          0,
          0,
          0,
          0,
          0,
          0,
          0,
          0,
          0,
          0,
          0,
          0,
          0,
          43538,
          32115,
          9741,
          7898,
          23014,
          34239,
          9871,
          37551,
          30499,
          30002,
          48483,
          48860,
          28685,
          26155,
          25230,
          12906,
          46060,
          5727,
          31698,
          31505,
          0,
          0,
          0,
          0,
          0,
          0,
          0,
          0,
          0,
          0,
          0,
          0,
          0,
          0,
          0
        ],
        [
          0,
          37081,
          14325,
          29249,
          36897,
          22816,
          0,
          0,
          0,
          0,
          0,
          2833,
          15518,
          47497,
          38215,
          24040,
          40166,
          39436,
          4618,
          30633,
          30383,
          0,
          0,
          0,
          0,
          0,
          32899,
          28971,
          33904,
          39681,
          27049,
          19393,
          20487,
          953,
          3971,
          25508,
          0,
          0,
          0,
          0,
          0,
          0,
          0,
          0,
          0,
          0,
          6839,
          38616,
          19629,
          23505,
          15297,
          39702,
          23651,
          48745,
          29471,
          29881,
          25262,
          39941,
          49837,
          13166,
          9828,
          0,
          0,
          0,
          0,
          0,
          0,
          0,
          0,
          0,
          0,
          45698,
          46630,
          13738,
          14326,
          20270,
          3593,
          6134,
          17766,
          23488,
          8491,
          0,
          0,
          0,
          0,
          0,
          0,
          0,
          0,
          0,
          0,
          43447,
          3919,
          9733,
          6515,
          40423,
          15603,
          44975,
          48736,
          48245,
          28482,
          0,
          0,
          0,
          0,
          0,
          0,
          0,
          0,
          0,
          0,
          48483,
          48860,
          28685,
          26155,
          25230,
          12906,
          46060,
          5727,
          31698,
          31505,
          0,
          0,
          0,
          0,
          0
        ],
        [
          12940,
          0,
          34448,
          14136,
          42007,
          38066,
          0,
          47188,
          34503,
          2524,
          11806,
          0,
          0,
          0,
          0,
          20891,
          28638,
          13564,
          40910,
          19901,
          41122,
          0,
          17122,
          21050,
          16117,
          10340,
          0,
          0,
          0,
          0,
          20265,
          20770,
          7262,
          19212,
          33066,
          37655,
          0,
          0,
          0,
          0,
          43182,
          11405,
          30392,
          26516,
          34724,
          10319,
          0,
          0,
          0,
          0,
          0,
          0,
          7748,
          20117,
          12600,
          3126,
          13730,
          0,
          0,
          0,
          0,
          39941,
          49837,
          13166,
          9828,
          0,
          0,
          0,
          0,
          0,
          0,
          41957,
          38722,
          37251,
          10104,
          0,
          0,
          0,
          0,
          0,
          0,
          20270,
          3593,
          6134,
          17766,
          23488,
          8491,
          0,
          0,
          0,
          0,
          39208,
          16232,
          47333,
          24171,
          0,
          0,
          0,
          0,
          0,
          0,
          40423,
          15603,
          44975,
          48736,
          48245,
          28482,
          0,
          0,
          0,
          0,
          27007,
          15782,
          40150,
          12470,
          19522,
          20019,
          0,
          0,
          0,
          0,
          46060,
          5727,
          31698,
          31505,
          0
        ],
        [
          35696,
          15573,
          0,
          4163,
          40468,
          12807,
          2833,
          0,
          25981,
          9855,
          10585,
          0,
          29130,
          21383,
          36457,
          0,
          0,
          0,
          37911,
          38487,
          477,
          32899,
          0,
          22972,
          30628,
          29534,
          0,
          29756,
          29251,
          42759,
          0,
          0,
          0,
          31613,
          44849,
          15764,
          0,
          6839,
          38616,
          19629,
          0,
          0,
          0,
          26370,
          1276,
          20550,
          0,
          0,
          0,
          42273,
          29904,
          37421,
          0,
          0,
          0,
          26756,
          0,
          13730,
          0,
          0,
          0,
          24759,
          0,
          0,
          0,
          49837,
          13166,
          9828,
          0,
          0,
          0,
          47285,
          0,
          0,
          0,
          38722,
          37251,
          10104,
          0,
          0,
          0,
          3391,
          36283,
          35695,
          0,
          0,
          0,
          17766,
          23488,
          8491,
          0,
          16404,
          0,
          0,
          0,
          16232,
          47333,
          24171,
          0,
          0,
          0,
          46102,
          40288,
          43506,
          0,
          0,
          0,
          48736,
          48245,
          28482,
          0,
          32115,
          9741,
          7898,
          0,
          0,
          0,
          12470,
          19522,
          20019,
          0,
          23866,
          24791,
          37115,
          0,
          31505
        ],
        [
          20772,
          35885,
          45858,
          0,
          45583,
          3309,
          15518,
          24040,
          0,
          45403,
          19388,
          20891,
          0,
          9111,
          30120,
          0,
          12110,
          11534,
          0,
          0,
          39529,
          28971,
          27049,
          0,
          49068,
          46050,
          20265,
          0,
          30809,
          16955,
          0,
          18408,
          5172,
          0,
          0,
          30364,
          43182,
          0,
          23505,
          15297,
          0,
          23651,
          48745,
          0,
          0,
          20140,
          0,
          7748,
          20117,
          0,
          0,
          46895,
          0,
          0,
          23265,
          0,
          0,
          0,
          13730,
          0,
          0,
          0,
          24759,
          0,
          0,
          10080,
          0,
          0,
          13166,
          9828,
          0,
          0,
          47285,
          0,
          0,
          8064,
          0,
          0,
          37251,
          10104,
          0,
          45698,
          0,
          0,
          36283,
          35695,
          0,
          46428,
          43887,
          0,
          8491,
          0,
          16404,
          0,
          0,
          10813,
          0,
          0,
          47333,
          24171,
          0,
          43447,
          0,
          0,
          40288,
          43506,
          0,
          34418,
          5046,
          0,
          28482,
          6483,
          0,
          0,
          9741,
          7898,
          0,
          34239,
          9871,
          0,
          20019,
          48860,
          28685,
          0,
          37115,
          18323
        ],
        [
          13124,
          8014,
          9553,
          4438,
          0,
          4467,
          47497,
          40166,
          4618,
          0,
          19638,
          28638,
          40910,
          0,
          8899,
          37911,
          0,
          49544,
          0,
          10492,
          0,
          33904,
          19393,
          953,
          0,
          24513,
          20770,
          19212,
          0,
          12366,
          31613,
          0,
          34257,
          0,
          19657,
          0,
          11405,
          26516,
          0,
          39702,
          26370,
          0,
          29471,
          0,
          29881,
          0,
          42273,
          0,
          12600,
          0,
          3126,
          0,
          0,
          26756,
          0,
          0,
          0,
          0,
          0,
          13730,
          0,
          0,
          0,
          24759,
          0,
          0,
          10080,
          0,
          184,
          0,
          9828,
          0,
          0,
          47285,
          0,
          0,
          8064,
          0,
          11299,
          0,
          10104,
          0,
          45698,
          0,
          46630,
          0,
          35695,
          20270,
          0,
          43887,
          26533,
          0,
          0,
          16404,
          0,
          0,
          10813,
          0,
          33789,
          0,
          24171,
          0,
          43447,
          0,
          3919,
          0,
          43506,
          40423,
          0,
          5046,
          1776,
          0,
          6483,
          0,
          17906,
          0,
          7898,
          27007,
          0,
          9871,
          30499,
          1538,
          0,
          28685,
          25230,
          5727
        ],
        [
          27205,
          11955,
          37214,
          46712,
          45554,
          0,
          38215,
          39436,
          30633,
          30383,
          0,
          13564,
          19901,
          41122,
          0,
          38487,
          477,
          0,
          39529,
          0,
          0,
          39681,
          20487,
          3971,
          25508,
          0,
          7262,
          33066,
          37655,
          0,
          44849,
          15764,
          0,
          30364,
          0,
          0,
          30392,
          34724,
          10319,
          0,
          1276,
          20550,
          0,
          20140,
          0,
          0,
          29904,
          37421,
          0,
          46895,
          0,
          0,
          23265,
          0,
          0,
          0,
          0,
          0,
          0,
          0,
          13730,
          0,
          0,
          0,
          24759,
          0,
          0,
          10080,
          0,
          184,
          36855,
          0,
          0,
          0,
          47285,
          0,
          0,
          8064,
          0,
          11299,
          12770,
          0,
          0,
          45698,
          0,
          46630,
          13738,
          0,
          20270,
          3593,
          17766,
          0,
          0,
          0,
          16404,
          0,
          0,
          10813,
          0,
          33789,
          2688,
          0,
          0,
          43447,
          0,
          3919,
          9733,
          0,
          40423,
          15603,
          48736,
          0,
          0,
          6483,
          0,
          17906,
          40280,
          0,
          27007,
          15782,
          12470,
          0,
          1538,
          1161,
          23866,
          3961
        ],
        [
          0,
          0,
          0,
          0,
          0,
          0,
          16404,
          10813,
          33789,
          2688,
          25850,
          43447,
          3919,
          9733,
          6515,
          40423,
          15603,
          44975,
          48736,
          48245,
          28482,
          2736,
          41957,
          38722,
          37251,
          10104,
          4323,
          3391,
          36283,
          35695,
          29751,
          46428,
          43887,
          32255,
          26533,
          41530,
          0,
          0,
          0,
          0,
          0,
          0,
          0,
          0,
          0,
          0,
          0,
          0,
          0,
          0,
          0,
          0,
          0,
          0,
          0,
          0,
          0,
          0,
          0,
          0,
          0,
          0,
          0,
          0,
          0,
          0,
          0,
          0,
          0,
          0,
          0,
          17122,
          21050,
          16117,
          10340,
          22972,
          30628,
          29534,
          49068,
          46050,
          24513,
          29756,
          29251,
          42759,
          30809,
          16955,
          12366,
          18408,
          5172,
          34257,
          19657,
          2833,
          15518,
          47497,
          38215,
          24040,
          40166,
          39436,
          4618,
          30633,
          30383,
          20891,
          28638,
          13564,
          40910,
          19901,
          41122,
          37911,
          38487,
          477,
          39529,
          0,
          0,
          0,
          0,
          0,
          0,
          0,
          0,
          0,
          0,
          0,
          0,
          0,
          0,
          0
        ],
        [
          0,
          33617,
          39208,
          16232,
          47333,
          24171,
          0,
          0,
          0,
          0,
          0,
          6483,
          17906,
          40280,
          42123,
          27007,
          15782,
          40150,
          12470,
          19522,
          20019,
          24759,
          10080,
          184,
          36855,
          40193,
          0,
          0,
          0,
          0,
          0,
          0,
          0,
          0,
          0,
          0,
          4323,
          3391,
          36283,
          35695,
          29751,
          46428,
          43887,
          32255,
          26533,
          41530,
          0,
          0,
          0,
          0,
          0,
          0,
          0,
          0,
          0,
          0,
          0,
          0,
          0,
          0,
          0,
          32899,
          28971,
          33904,
          39681,
          27049,
          19393,
          20487,
          953,
          3971,
          25508,
          0,
          0,
          0,
          0,
          0,
          0,
          0,
          0,
          0,
          0,
          6839,
          38616,
          19629,
          23505,
          15297,
          39702,
          23651,
          48745,
          29471,
          29881,
          34448,
          14136,
          42007,
          38066,
          4163,
          40468,
          12807,
          45583,
          3309,
          4467,
          0,
          0,
          0,
          0,
          0,
          0,
          0,
          0,
          0,
          0,
          20891,
          28638,
          13564,
          40910,
          19901,
          41122,
          37911,
          38487,
          477,
          39529,
          0,
          0,
          0,
          0,
          0
        ],
        [
          16404,
          0,
          6574,
          46102,
          40288,
          43506,
          0,
          43538,
          32115,
          9741,
          7898,
          0,
          0,
          0,
          0,
          1538,
          1161,
          21336,
          23866,
          24791,
          37115,
          36291,
          0,
          0,
          0,
          0,
          10080,
          184,
          36855,
          40193,
          0,
          0,
          0,
          0,
          0,
          0,
          8064,
          11299,
          12770,
          39917,
          0,
          0,
          0,
          0,
          0,
          0,
          29751,
          46428,
          43887,
          32255,
          26533,
          41530,
          0,
          0,
          0,
          0,
          0,
          17122,
          21050,
          16117,
          10340,
          0,
          0,
          0,
          0,
          20265,
          20770,
          7262,
          19212,
          33066,
          37655,
          0,
          0,
          0,
          0,
          43182,
          11405,
          30392,
          26516,
          34724,
          10319,
          0,
          0,
          0,
          0,
          0,
          0,
          7748,
          20117,
          12600,
          3126,
          35696,
          20772,
          13124,
          27205,
          0,
          0,
          0,
          0,
          0,
          0,
          4163,
          40468,
          12807,
          45583,
          3309,
          4467,
          0,
          0,
          0,
          0,
          25981,
          9855,
          10585,
          45403,
          19388,
          19638,
          0,
          0,
          0,
          0,
          37911,
          38487,
          477,
          39529,
          0
        ],
        [
          10813,
          43447,
          0,
          9598,
          34418,
          5046,
          6483,
          0,
          23014,
          34239,
          9871,
          0,
          48483,
          48860,
          28685,
          0,
          0,
          0,
          3961,
          44294,
          18323,
          0,
          36291,
          0,
          0,
          0,
          25262,
          0,
          0,
          0,
          184,
          36855,
          40193,
          0,
          0,
          0,
          2736,
          0,
          0,
          0,
          11299,
          12770,
          39917,
          0,
          0,
          0,
          46630,
          13738,
          14326,
          0,
          0,
          0,
          32255,
          26533,
          41530,
          0,
          32899,
          0,
          22972,
          30628,
          29534,
          0,
          29756,
          29251,
          42759,
          0,
          0,
          0,
          31613,
          44849,
          15764,
          0,
          6839,
          38616,
          19629,
          0,
          0,
          0,
          26370,
          1276,
          20550,
          0,
          0,
          0,
          42273,
          29904,
          37421,
          0,
          0,
          0,
          26756,
          37081,
          0,
          0,
          0,
          20772,
          13124,
          27205,
          0,
          0,
          0,
          35885,
          8014,
          11955,
          0,
          0,
          0,
          45583,
          3309,
          4467,
          0,
          15518,
          47497,
          38215,
          0,
          0,
          0,
          45403,
          19388,
          19638,
          0,
          9111,
          30120,
          8899,
          0,
          39529
        ],
        [
          33789,
          3919,
          40423,
          0,
          1285,
          1776,
          17906,
          27007,
          0,
          37551,
          30499,
          1538,
          0,
          26155,
          25230,
          0,
          46060,
          5727,
          0,
          0,
          18516,
          0,
          0,
          36291,
          0,
          0,
          0,
          25262,
          0,
          0,
          39941,
          0,
          0,
          36855,
          40193,
          0,
          0,
          2736,
          0,
          0,
          41957,
          0,
          0,
          12770,
          39917,
          0,
          4323,
          0,
          0,
          13738,
          14326,
          0,
          3593,
          6134,
          0,
          41530,
          28971,
          27049,
          0,
          49068,
          46050,
          20265,
          0,
          30809,
          16955,
          0,
          18408,
          5172,
          0,
          0,
          30364,
          43182,
          0,
          23505,
          15297,
          0,
          23651,
          48745,
          0,
          0,
          20140,
          0,
          7748,
          20117,
          0,
          0,
          46895,
          0,
          0,
          23265,
          0,
          0,
          37081,
          0,
          0,
          14325,
          0,
          0,
          13124,
          27205,
          0,
          34448,
          0,
          0,
          8014,
          11955,
          0,
          9553,
          37214,
          0,
          4467,
          47188,
          0,
          0,
          47497,
          38215,
          0,
          40166,
          39436,
          0,
          19638,
          28638,
          13564,
          0,
          8899,
          49544
        ],
        [
          2688,
          9733,
          15603,
          48736,
          0,
          21539,
          40280,
          15782,
          12470,
          0,
          30002,
          1161,
          23866,
          0,
          12906,
          3961,
          0,
          31698,
          0,
          31505,
          0,
          0,
          0,
          0,
          36291,
          0,
          0,
          0,
          25262,
          0,
          0,
          39941,
          0,
          49837,
          0,
          40193,
          0,
          0,
          2736,
          0,
          0,
          41957,
          0,
          38722,
          0,
          39917,
          0,
          4323,
          0,
          3391,
          0,
          14326,
          29751,
          0,
          6134,
          23488,
          33904,
          19393,
          953,
          0,
          24513,
          20770,
          19212,
          0,
          12366,
          31613,
          0,
          34257,
          0,
          19657,
          0,
          11405,
          26516,
          0,
          39702,
          26370,
          0,
          29471,
          0,
          29881,
          0,
          42273,
          0,
          12600,
          0,
          3126,
          0,
          0,
          26756,
          0,
          0,
          0,
          0,
          37081,
          0,
          0,
          14325,
          0,
          29249,
          0,
          27205,
          0,
          34448,
          0,
          14136,
          0,
          11955,
          4163,
          0,
          37214,
          46712,
          0,
          47188,
          0,
          34503,
          0,
          38215,
          25981,
          0,
          39436,
          30633,
          29130,
          0,
          13564,
          19901,
          38487
        ],
        [
          25850,
          6515,
          44975,
          48245,
          28482,
          0,
          42123,
          40150,
          19522,
          20019,
          0,
          21336,
          24791,
          37115,
          0,
          44294,
          18323,
          0,
          18516,
          0,
          0,
          0,
          0,
          0,
          0,
          36291,
          0,
          0,
          0,
          25262,
          0,
          0,
          39941,
          0,
          49837,
          13166,
          0,
          0,
          0,
          2736,
          0,
          0,
          41957,
          0,
          38722,
          37251,
          0,
          0,
          4323,
          0,
          3391,
          36283,
          0,
          29751,
          46428,
          32255,
          39681,
          20487,
          3971,
          25508,
          0,
          7262,
          33066,
          37655,
          0,
          44849,
          15764,
          0,
          30364,
          0,
          0,
          30392,
          34724,
          10319,
          0,
          1276,
          20550,
          0,
          20140,
          0,
          0,
          29904,
          37421,
          0,
          46895,
          0,
          0,
          23265,
          0,
          0,
          0,
          0,
          0,
          0,
          37081,
          0,
          0,
          14325,
          0,
          29249,
          36897,
          0,
          0,
          34448,
          0,
          14136,
          42007,
          0,
          4163,
          40468,
          45583,
          0,
          0,
          47188,
          0,
          34503,
          2524,
          0,
          25981,
          9855,
          45403,
          0,
          29130,
          21383,
          9111,
          12110
        ],
        [
          0,
          47285,
          8064,
          11299,
          12770,
          39917,
          25262,
          39941,
          49837,
          13166,
          9828,
          0,
          0,
          0,
          0,
          0,
          0,
          0,
          0,
          0,
          0,
          0,
          0,
          0,
          0,
          0,
          6483,
          17906,
          40280,
          42123,
          27007,
          15782,
          40150,
          12470,
          19522,
          20019,
          6574,
          46102,
          40288,
          43506,
          9598,
          34418,
          5046,
          1285,
          1776,
          21539,
          0,
          0,
          0,
          0,
          0,
          0,
          0,
          0,
          0,
          0,
          0,
          0,
          0,
          0,
          0,
          47188,
          34503,
          2524,
          11806,
          25981,
          9855,
          10585,
          45403,
          19388,
          19638,
          15573,
          35885,
          8014,
          11955,
          45858,
          9553,
          37214,
          4438,
          46712,
          45554,
          0,
          0,
          0,
          0,
          0,
          0,
          0,
          0,
          0,
          0,
          0,
          0,
          0,
          0,
          0,
          0,
          0,
          0,
          0,
          0,
          6839,
          38616,
          19629,
          23505,
          15297,
          39702,
          23651,
          48745,
          29471,
          29881,
          20265,
          20770,
          7262,
          19212,
          33066,
          37655,
          31613,
          44849,
          15764,
          30364,
          0,
          0,
          0,
          0,
          0
        ],
        [
          2736,
          0,
          45698,
          46630,
          13738,
          14326,
          13730,
          0,
          0,
          0,
          0,
          39941,
          49837,
          13166,
          9828,
          0,
          0,
          0,
          0,
          0,
          0,
          0,
          43538,
          32115,
          9741,
          7898,
          0,
          0,
          0,
          0,
          1538,
          1161,
          21336,
          23866,
          24791,
          37115,
          10813,
          33789,
          2688,
          25850,
          0,
          0,
          0,
          0,
          0,
          0,
          9598,
          34418,
          5046,
          1285,
          1776,
          21539,
          0,
          0,
          0,
          0,
          0,
          2833,
          15518,
          47497,
          38215,
          0,
          0,
          0,
          0,
          29130,
          21383,
          36457,
          9111,
          30120,
          8899,
          14325,
          29249,
          36897,
          22816,
          0,
          0,
          0,
          0,
          0,
          0,
          45858,
          9553,
          37214,
          4438,
          46712,
          45554,
          0,
          0,
          0,
          0,
          0,
          0,
          0,
          0,
          43182,
          11405,
          30392,
          26516,
          34724,
          10319,
          0,
          0,
          0,
          0,
          0,
          0,
          7748,
          20117,
          12600,
          3126,
          22972,
          30628,
          29534,
          49068,
          46050,
          24513,
          0,
          0,
          0,
          0,
          31613,
          44849,
          15764,
          30364,
          0
        ],
        [
          41957,
          4323,
          0,
          20270,
          3593,
          6134,
          0,
          13730,
          0,
          0,
          0,
          24759,
          0,
          0,
          0,
          49837,
          13166,
          9828,
          0,
          0,
          0,
          6483,
          0,
          23014,
          34239,
          9871,
          0,
          48483,
          48860,
          28685,
          0,
          0,
          0,
          3961,
          44294,
          18323,
          33617,
          0,
          0,
          0,
          33789,
          2688,
          25850,
          0,
          0,
          0,
          3919,
          9733,
          6515,
          0,
          0,
          0,
          1285,
          1776,
          21539,
          0,
          47188,
          0,
          24040,
          40166,
          39436,
          0,
          20891,
          28638,
          13564,
          0,
          0,
          0,
          12110,
          11534,
          49544,
          12940,
          0,
          0,
          0,
          29249,
          36897,
          22816,
          0,
          0,
          0,
          14136,
          42007,
          38066,
          0,
          0,
          0,
          4438,
          46712,
          45554,
          0,
          0,
          6839,
          38616,
          19629,
          0,
          0,
          0,
          26370,
          1276,
          20550,
          0,
          0,
          0,
          42273,
          29904,
          37421,
          0,
          0,
          0,
          26756,
          28971,
          33904,
          39681,
          0,
          0,
          0,
          49068,
          46050,
          24513,
          0,
          30809,
          16955,
          12366,
          0,
          30364
        ],
        [
          38722,
          3391,
          29751,
          0,
          17766,
          23488,
          0,
          0,
          13730,
          0,
          0,
          0,
          24759,
          0,
          0,
          10080,
          0,
          0,
          13166,
          9828,
          0,
          17906,
          27007,
          0,
          37551,
          30499,
          1538,
          0,
          26155,
          25230,
          0,
          46060,
          5727,
          0,
          0,
          18516,
          0,
          33617,
          0,
          0,
          39208,
          0,
          0,
          2688,
          25850,
          0,
          6574,
          0,
          0,
          9733,
          6515,
          0,
          15603,
          44975,
          0,
          21539,
          34503,
          25981,
          0,
          4618,
          30633,
          29130,
          0,
          40910,
          19901,
          0,
          37911,
          38487,
          0,
          0,
          10492,
          0,
          12940,
          0,
          0,
          35696,
          0,
          0,
          36897,
          22816,
          0,
          15573,
          0,
          0,
          42007,
          38066,
          0,
          40468,
          12807,
          0,
          45554,
          43182,
          0,
          23505,
          15297,
          0,
          23651,
          48745,
          0,
          0,
          20140,
          0,
          7748,
          20117,
          0,
          0,
          46895,
          0,
          0,
          23265,
          0,
          17122,
          0,
          0,
          33904,
          39681,
          0,
          19393,
          20487,
          0,
          24513,
          20770,
          7262,
          0,
          12366,
          34257
        ],
        [
          37251,
          36283,
          46428,
          32255,
          0,
          8491,
          0,
          0,
          0,
          13730,
          0,
          0,
          0,
          24759,
          0,
          0,
          10080,
          0,
          184,
          0,
          9828,
          40280,
          15782,
          12470,
          0,
          30002,
          1161,
          23866,
          0,
          12906,
          3961,
          0,
          31698,
          0,
          31505,
          0,
          0,
          0,
          33617,
          0,
          0,
          39208,
          0,
          16232,
          0,
          25850,
          0,
          6574,
          0,
          46102,
          0,
          6515,
          9598,
          0,
          44975,
          48245,
          2524,
          9855,
          45403,
          0,
          30383,
          21383,
          9111,
          0,
          41122,
          12110,
          0,
          477,
          0,
          39529,
          0,
          0,
          0,
          12940,
          0,
          0,
          35696,
          0,
          20772,
          0,
          22816,
          0,
          15573,
          0,
          35885,
          0,
          38066,
          45858,
          0,
          12807,
          3309,
          11405,
          26516,
          0,
          39702,
          26370,
          0,
          29471,
          0,
          29881,
          0,
          42273,
          0,
          12600,
          0,
          3126,
          0,
          0,
          26756,
          0,
          0,
          0,
          17122,
          0,
          21050,
          0,
          39681,
          22972,
          0,
          20487,
          3971,
          29756,
          0,
          7262,
          33066,
          44849
        ],
        [
          10104,
          35695,
          43887,
          26533,
          41530,
          0,
          0,
          0,
          0,
          0,
          13730,
          0,
          0,
          0,
          24759,
          0,
          0,
          10080,
          0,
          184,
          36855,
          42123,
          40150,
          19522,
          20019,
          0,
          21336,
          24791,
          37115,
          0,
          44294,
          18323,
          0,
          18516,
          0,
          0,
          0,
          0,
          0,
          33617,
          0,
          0,
          39208,
          0,
          16232,
          47333,
          0,
          0,
          6574,
          0,
          46102,
          40288,
          0,
          9598,
          34418,
          1285,
          11806,
          10585,
          19388,
          19638,
          0,
          36457,
          30120,
          8899,
          0,
          11534,
          49544,
          0,
          10492,
          0,
          0,
          0,
          0,
          0,
          12940,
          0,
          0,
          35696,
          0,
          20772,
          13124,
          0,
          0,
          15573,
          0,
          35885,
          8014,
          0,
          45858,
          9553,
          4438,
          30392,
          34724,
          10319,
          0,
          1276,
          20550,
          0,
          20140,
          0,
          0,
          29904,
          37421,
          0,
          46895,
          0,
          0,
          23265,
          0,
          0,
          0,
          0,
          0,
          17122,
          0,
          21050,
          16117,
          0,
          22972,
          30628,
          49068,
          0,
          29756,
          29251,
          30809,
          18408
        ],
        [
          24759,
          36291,
          0,
          0,
          0,
          0,
          0,
          45698,
          46630,
          13738,
          14326,
          41957,
          38722,
          37251,
          10104,
          0,
          0,
          0,
          0,
          0,
          0,
          0,
          43447,
          3919,
          9733,
          6515,
          39208,
          16232,
          47333,
          24171,
          0,
          0,
          0,
          0,
          0,
          0,
          0,
          0,
          0,
          0,
          1538,
          1161,
          21336,
          23866,
          24791,
          37115,
          23014,
          34239,
          9871,
          37551,
          30499,
          30002,
          0,
          0,
          0,
          0,
          0,
          34448,
          14136,
          42007,
          38066,
          35696,
          20772,
          13124,
          27205,
          0,
          0,
          0,
          0,
          0,
          0,
          0,
          0,
          0,
          0,
          29130,
          21383,
          36457,
          9111,
          30120,
          8899,
          24040,
          40166,
          39436,
          4618,
          30633,
          30383,
          0,
          0,
          0,
          0,
          0,
          0,
          0,
          0,
          29756,
          29251,
          42759,
          30809,
          16955,
          12366,
          27049,
          19393,
          20487,
          953,
          3971,
          25508,
          0,
          0,
          0,
          0,
          0,
          0,
          0,
          0,
          0,
          0,
          7748,
          20117,
          12600,
          3126,
          26370,
          1276,
          20550,
          20140,
          0
        ],
        [
          10080,
          0,
          36291,
          0,
          0,
          0,
          4323,
          0,
          20270,
          3593,
          6134,
          47285,
          0,
          0,
          0,
          38722,
          37251,
          10104,
          0,
          0,
          0,
          6574,
          0,
          40423,
          15603,
          44975,
          16404,
          0,
          0,
          0,
          16232,
          47333,
          24171,
          0,
          0,
          0,
          0,
          48483,
          48860,
          28685,
          0,
          0,
          0,
          3961,
          44294,
          18323,
          17906,
          40280,
          42123,
          0,
          0,
          0,
          37551,
          30499,
          30002,
          0,
          15573,
          0,
          4163,
          40468,
          12807,
          37081,
          0,
          0,
          0,
          20772,
          13124,
          27205,
          0,
          0,
          0,
          0,
          20891,
          28638,
          13564,
          0,
          0,
          0,
          12110,
          11534,
          49544,
          34503,
          2524,
          11806,
          0,
          0,
          0,
          4618,
          30633,
          30383,
          0,
          0,
          20265,
          20770,
          7262,
          0,
          0,
          0,
          18408,
          5172,
          34257,
          21050,
          16117,
          10340,
          0,
          0,
          0,
          953,
          3971,
          25508,
          0,
          0,
          0,
          0,
          42273,
          29904,
          37421,
          0,
          0,
          0,
          26756,
          23505,
          15297,
          39702,
          0,
          20140
        ],
        [
          184,
          0,
          0,
          36291,
          0,
          0,
          3391,
          29751,
          0,
          17766,
          23488,
          0,
          47285,
          0,
          0,
          8064,
          0,
          0,
          37251,
          10104,
          0,
          46102,
          9598,
          0,
          48736,
          48245,
          0,
          16404,
          0,
          0,
          10813,
          0,
          0,
          47333,
          24171,
          0,
          1538,
          0,
          26155,
          25230,
          0,
          46060,
          5727,
          0,
          0,
          18516,
          43538,
          0,
          0,
          40280,
          42123,
          0,
          15782,
          40150,
          0,
          30002,
          35885,
          45858,
          0,
          45583,
          3309,
          0,
          37081,
          0,
          0,
          14325,
          0,
          0,
          13124,
          27205,
          0,
          29130,
          0,
          40910,
          19901,
          0,
          37911,
          38487,
          0,
          0,
          10492,
          2833,
          0,
          0,
          2524,
          11806,
          0,
          9855,
          10585,
          0,
          30383,
          29756,
          0,
          19212,
          33066,
          0,
          31613,
          44849,
          0,
          0,
          19657,
          32899,
          0,
          0,
          16117,
          10340,
          0,
          30628,
          29534,
          0,
          25508,
          0,
          7748,
          20117,
          0,
          0,
          46895,
          0,
          0,
          23265,
          0,
          11405,
          30392,
          0,
          39702,
          29471
        ],
        [
          36855,
          0,
          0,
          0,
          36291,
          0,
          36283,
          46428,
          32255,
          0,
          8491,
          0,
          0,
          47285,
          0,
          0,
          8064,
          0,
          11299,
          0,
          10104,
          40288,
          34418,
          1285,
          0,
          28482,
          0,
          0,
          16404,
          0,
          0,
          10813,
          0,
          33789,
          0,
          24171,
          1161,
          23866,
          0,
          12906,
          3961,
          0,
          31698,
          0,
          31505,
          0,
          0,
          43538,
          0,
          32115,
          0,
          42123,
          23014,
          0,
          40150,
          19522,
          8014,
          9553,
          4438,
          0,
          4467,
          0,
          0,
          37081,
          0,
          0,
          14325,
          0,
          29249,
          0,
          27205,
          21383,
          9111,
          0,
          41122,
          12110,
          0,
          477,
          0,
          39529,
          0,
          0,
          2833,
          0,
          15518,
          0,
          11806,
          24040,
          0,
          10585,
          19388,
          29251,
          30809,
          0,
          37655,
          18408,
          0,
          15764,
          0,
          30364,
          0,
          0,
          32899,
          0,
          28971,
          0,
          10340,
          27049,
          0,
          29534,
          46050,
          42273,
          0,
          12600,
          0,
          3126,
          0,
          0,
          26756,
          0,
          0,
          6839,
          0,
          30392,
          34724,
          1276
        ],
        [
          40193,
          0,
          0,
          0,
          0,
          36291,
          35695,
          43887,
          26533,
          41530,
          0,
          0,
          0,
          0,
          47285,
          0,
          0,
          8064,
          0,
          11299,
          12770,
          43506,
          5046,
          1776,
          21539,
          0,
          0,
          0,
          0,
          16404,
          0,
          0,
          10813,
          0,
          33789,
          2688,
          21336,
          24791,
          37115,
          0,
          44294,
          18323,
          0,
          18516,
          0,
          0,
          0,
          0,
          43538,
          0,
          32115,
          9741,
          0,
          23014,
          34239,
          37551,
          11955,
          37214,
          46712,
          45554,
          0,
          0,
          0,
          0,
          37081,
          0,
          0,
          14325,
          0,
          29249,
          36897,
          36457,
          30120,
          8899,
          0,
          11534,
          49544,
          0,
          10492,
          0,
          0,
          0,
          0,
          2833,
          0,
          15518,
          47497,
          0,
          24040,
          40166,
          4618,
          42759,
          16955,
          12366,
          0,
          5172,
          34257,
          0,
          19657,
          0,
          0,
          0,
          0,
          32899,
          0,
          28971,
          33904,
          0,
          27049,
          19393,
          953,
          29904,
          37421,
          0,
          46895,
          0,
          0,
          23265,
          0,
          0,
          0,
          0,
          6839,
          38616,
          23505,
          23651
        ],
        [
          0,
          10080,
          25262,
          0,
          0,
          0,
          8064,
          2736,
          0,
          0,
          0,
          0,
          20270,
          3593,
          6134,
          3391,
          36283,
          35695,
          0,
          0,
          0,
          10813,
          33617,
          0,
          0,
          0,
          0,
          40423,
          15603,
          44975,
          46102,
          40288,
          43506,
          0,
          0,
          0,
          0,
          27007,
          15782,
          40150,
          32115,
          9741,
          7898,
          0,
          0,
          0,
          0,
          0,
          0,
          3961,
          44294,
          18323,
          26155,
          25230,
          12906,
          0,
          14325,
          12940,
          0,
          0,
          0,
          0,
          4163,
          40468,
          12807,
          35885,
          8014,
          11955,
          0,
          0,
          0,
          0,
          25981,
          9855,
          10585,
          15518,
          47497,
          38215,
          0,
          0,
          0,
          0,
          0,
          0,
          12110,
          11534,
          49544,
          40910,
          19901,
          41122,
          0,
          0,
          22972,
          30628,
          29534,
          28971,
          33904,
          39681,
          0,
          0,
          0,
          0,
          0,
          0,
          18408,
          5172,
          34257,
          19212,
          33066,
          37655,
          0,
          0,
          0,
          0,
          23651,
          48745,
          29471,
          26516,
          34724,
          10319,
          0,
          0,
          0,
          0,
          26756,
          46895
        ],
        [
          0,
          184,
          0,
          25262,
          0,
          0,
          11299,
          0,
          2736,
          0,
          0,
          29751,
          0,
          17766,
          23488,
          45698,
          0,
          0,
          36283,
          35695,
          0,
          33789,
          0,
          33617,
          0,
          0,
          9598,
          0,
          48736,
          48245,
          43447,
          0,
          0,
          40288,
          43506,
          0,
          23014,
          0,
          12470,
          19522,
          6483,
          0,
          0,
          9741,
          7898,
          0,
          0,
          46060,
          5727,
          0,
          0,
          18516,
          1161,
          21336,
          0,
          12906,
          29249,
          0,
          12940,
          0,
          0,
          45858,
          0,
          45583,
          3309,
          34448,
          0,
          0,
          8014,
          11955,
          0,
          24040,
          0,
          45403,
          19388,
          47188,
          0,
          0,
          47497,
          38215,
          0,
          0,
          37911,
          38487,
          0,
          0,
          10492,
          21383,
          36457,
          0,
          41122,
          27049,
          0,
          49068,
          46050,
          17122,
          0,
          0,
          33904,
          39681,
          0,
          0,
          31613,
          44849,
          0,
          0,
          19657,
          29251,
          42759,
          0,
          37655,
          0,
          26370,
          1276,
          0,
          0,
          29881,
          38616,
          19629,
          0,
          10319,
          0,
          0,
          23265,
          0,
          12600
        ],
        [
          0,
          36855,
          0,
          0,
          25262,
          0,
          12770,
          0,
          0,
          2736,
          0,
          46428,
          32255,
          0,
          8491,
          0,
          45698,
          0,
          46630,
          0,
          35695,
          2688,
          0,
          0,
          33617,
          0,
          34418,
          1285,
          0,
          28482,
          0,
          43447,
          0,
          3919,
          0,
          43506,
          34239,
          37551,
          0,
          20019,
          0,
          6483,
          0,
          17906,
          0,
          7898,
          3961,
          0,
          31698,
          0,
          31505,
          0,
          48483,
          0,
          21336,
          24791,
          36897,
          0,
          0,
          12940,
          0,
          9553,
          4438,
          0,
          4467,
          0,
          34448,
          0,
          14136,
          0,
          11955,
          40166,
          4618,
          0,
          19638,
          0,
          47188,
          0,
          34503,
          0,
          38215,
          12110,
          0,
          477,
          0,
          39529,
          0,
          20891,
          0,
          36457,
          30120,
          19393,
          953,
          0,
          24513,
          0,
          17122,
          0,
          21050,
          0,
          39681,
          18408,
          0,
          15764,
          0,
          30364,
          0,
          20265,
          0,
          42759,
          16955,
          23651,
          0,
          20550,
          0,
          20140,
          0,
          43182,
          0,
          19629,
          15297,
          0,
          26756,
          0,
          0,
          29904
        ],
        [
          0,
          40193,
          0,
          0,
          0,
          25262,
          39917,
          0,
          0,
          0,
          2736,
          43887,
          26533,
          41530,
          0,
          0,
          0,
          45698,
          0,
          46630,
          13738,
          25850,
          0,
          0,
          0,
          33617,
          5046,
          1776,
          21539,
          0,
          0,
          0,
          43447,
          0,
          3919,
          9733,
          9871,
          30499,
          30002,
          0,
          0,
          0,
          6483,
          0,
          17906,
          40280,
          44294,
          18323,
          0,
          18516,
          0,
          0,
          0,
          48483,
          48860,
          26155,
          22816,
          0,
          0,
          0,
          12940,
          37214,
          46712,
          45554,
          0,
          0,
          0,
          34448,
          0,
          14136,
          42007,
          39436,
          30633,
          30383,
          0,
          0,
          0,
          47188,
          0,
          34503,
          2524,
          11534,
          49544,
          0,
          10492,
          0,
          0,
          0,
          20891,
          28638,
          40910,
          20487,
          3971,
          25508,
          0,
          0,
          0,
          17122,
          0,
          21050,
          16117,
          5172,
          34257,
          0,
          19657,
          0,
          0,
          0,
          20265,
          20770,
          19212,
          48745,
          29471,
          0,
          29881,
          0,
          0,
          0,
          43182,
          11405,
          26516,
          23265,
          0,
          0,
          0,
          7748
        ],
        [
          0,
          0,
          184,
          39941,
          0,
          0,
          0,
          11299,
          41957,
          0,
          0,
          46630,
          4323,
          0,
          0,
          0,
          17766,
          23488,
          46428,
          43887,
          0,
          0,
          33789,
          39208,
          0,
          0,
          3919,
          6574,
          0,
          0,
          0,
          48736,
          48245,
          34418,
          5046,
          0,
          17906,
          43538,
          0,
          0,
          0,
          12470,
          19522,
          34239,
          9871,
          0,
          0,
          23866,
          24791,
          48860,
          28685,
          0,
          0,
          0,
          18516,
          31698,
          0,
          29249,
          35696,
          0,
          0,
          14136,
          15573,
          0,
          0,
          0,
          45583,
          3309,
          9553,
          37214,
          0,
          34503,
          2833,
          0,
          0,
          0,
          45403,
          19388,
          40166,
          39436,
          0,
          0,
          9111,
          30120,
          28638,
          13564,
          0,
          0,
          0,
          10492,
          477,
          21050,
          32899,
          0,
          0,
          0,
          49068,
          46050,
          19393,
          20487,
          0,
          0,
          30809,
          16955,
          20770,
          7262,
          0,
          0,
          0,
          19657,
          15764,
          0,
          23505,
          15297,
          11405,
          30392,
          0,
          0,
          0,
          29881,
          20550,
          0,
          0,
          3126,
          37421,
          0
        ],
        [
          0,
          0,
          36855,
          0,
          39941,
          0,
          0,
          12770,
          0,
          41957,
          0,
          13738,
          0,
          4323,
          0,
          32255,
          0,
          8491,
          20270,
          0,
          43887,
          0,
          2688,
          0,
          39208,
          0,
          9733,
          0,
          6574,
          0,
          1285,
          0,
          28482,
          40423,
          0,
          5046,
          40280,
          0,
          43538,
          0,
          37551,
          0,
          20019,
          27007,
          0,
          9871,
          26155,
          0,
          37115,
          1538,
          0,
          28685,
          0,
          31505,
          0,
          44294,
          0,
          36897,
          0,
          35696,
          0,
          42007,
          0,
          15573,
          0,
          4438,
          0,
          4467,
          4163,
          0,
          37214,
          2524,
          0,
          2833,
          0,
          4618,
          0,
          19638,
          25981,
          0,
          39436,
          40910,
          0,
          8899,
          29130,
          0,
          13564,
          0,
          39529,
          0,
          11534,
          16117,
          0,
          32899,
          0,
          953,
          0,
          24513,
          22972,
          0,
          20487,
          19212,
          0,
          12366,
          29756,
          0,
          7262,
          0,
          30364,
          0,
          5172,
          26516,
          0,
          39702,
          6839,
          0,
          30392,
          0,
          20140,
          0,
          48745,
          0,
          46895,
          0,
          20117,
          0
        ],
        [
          0,
          0,
          40193,
          0,
          0,
          39941,
          0,
          39917,
          0,
          0,
          41957,
          14326,
          0,
          0,
          4323,
          26533,
          41530,
          0,
          0,
          20270,
          3593,
          0,
          25850,
          0,
          0,
          39208,
          6515,
          0,
          0,
          6574,
          1776,
          21539,
          0,
          0,
          40423,
          15603,
          42123,
          0,
          0,
          43538,
          30499,
          30002,
          0,
          0,
          27007,
          15782,
          25230,
          12906,
          0,
          0,
          1538,
          1161,
          18516,
          0,
          0,
          46060,
          0,
          22816,
          0,
          0,
          35696,
          38066,
          0,
          0,
          15573,
          46712,
          45554,
          0,
          0,
          4163,
          40468,
          11806,
          0,
          0,
          2833,
          30633,
          30383,
          0,
          0,
          25981,
          9855,
          19901,
          41122,
          0,
          0,
          29130,
          21383,
          10492,
          0,
          0,
          37911,
          10340,
          0,
          0,
          32899,
          3971,
          25508,
          0,
          0,
          22972,
          30628,
          33066,
          37655,
          0,
          0,
          29756,
          29251,
          19657,
          0,
          0,
          31613,
          34724,
          10319,
          0,
          0,
          6839,
          38616,
          29881,
          0,
          0,
          26370,
          3126,
          0,
          0,
          42273,
          0
        ],
        [
          0,
          0,
          0,
          36855,
          49837,
          0,
          0,
          0,
          12770,
          38722,
          0,
          0,
          13738,
          3391,
          0,
          3593,
          29751,
          0,
          0,
          8491,
          26533,
          0,
          0,
          2688,
          16232,
          0,
          0,
          9733,
          46102,
          0,
          15603,
          9598,
          0,
          0,
          28482,
          1776,
          0,
          40280,
          32115,
          0,
          15782,
          23014,
          0,
          0,
          20019,
          30499,
          1161,
          48483,
          0,
          0,
          37115,
          25230,
          0,
          18323,
          5727,
          0,
          0,
          0,
          36897,
          20772,
          0,
          0,
          42007,
          35885,
          0,
          40468,
          45858,
          0,
          0,
          4467,
          46712,
          0,
          2524,
          15518,
          0,
          9855,
          24040,
          0,
          0,
          19638,
          30633,
          21383,
          20891,
          0,
          0,
          8899,
          19901,
          0,
          49544,
          38487,
          0,
          0,
          16117,
          28971,
          0,
          30628,
          27049,
          0,
          0,
          24513,
          3971,
          29251,
          20265,
          0,
          0,
          12366,
          33066,
          0,
          34257,
          44849,
          0,
          38616,
          43182,
          0,
          0,
          39702,
          34724,
          0,
          29471,
          1276,
          0,
          0,
          12600,
          29904,
          0,
          0
        ],
        [
          0,
          0,
          0,
          40193,
          0,
          49837,
          0,
          0,
          39917,
          0,
          38722,
          0,
          14326,
          0,
          3391,
          6134,
          0,
          29751,
          41530,
          0,
          17766,
          0,
          0,
          25850,
          0,
          16232,
          0,
          6515,
          0,
          46102,
          44975,
          0,
          9598,
          21539,
          0,
          48736,
          0,
          42123,
          0,
          32115,
          40150,
          0,
          23014,
          30002,
          0,
          12470,
          21336,
          0,
          48483,
          12906,
          0,
          23866,
          31698,
          0,
          3961,
          0,
          0,
          0,
          22816,
          0,
          20772,
          0,
          38066,
          0,
          35885,
          12807,
          0,
          45858,
          45554,
          0,
          45583,
          0,
          11806,
          0,
          15518,
          10585,
          0,
          24040,
          30383,
          0,
          45403,
          36457,
          0,
          20891,
          41122,
          0,
          9111,
          477,
          0,
          12110,
          0,
          0,
          10340,
          0,
          28971,
          29534,
          0,
          27049,
          25508,
          0,
          49068,
          42759,
          0,
          20265,
          37655,
          0,
          30809,
          15764,
          0,
          18408,
          0,
          19629,
          0,
          43182,
          10319,
          0,
          23505,
          20550,
          0,
          23651,
          0,
          37421,
          0,
          7748,
          0,
          0
        ],
        [
          0,
          0,
          0,
          0,
          40193,
          13166,
          0,
          0,
          0,
          39917,
          37251,
          0,
          0,
          14326,
          36283,
          0,
          6134,
          46428,
          23488,
          32255,
          0,
          0,
          0,
          0,
          25850,
          47333,
          0,
          0,
          6515,
          40288,
          0,
          44975,
          34418,
          48245,
          1285,
          0,
          0,
          0,
          42123,
          9741,
          0,
          40150,
          34239,
          19522,
          37551,
          0,
          0,
          21336,
          48860,
          24791,
          26155,
          0,
          44294,
          46060,
          0,
          0,
          0,
          0,
          0,
          22816,
          13124,
          0,
          0,
          38066,
          8014,
          0,
          12807,
          9553,
          3309,
          4438,
          0,
          0,
          0,
          11806,
          47497,
          0,
          10585,
          40166,
          19388,
          4618,
          0,
          0,
          36457,
          28638,
          30120,
          40910,
          0,
          11534,
          37911,
          0,
          0,
          0,
          0,
          10340,
          33904,
          0,
          29534,
          19393,
          46050,
          953,
          0,
          0,
          42759,
          20770,
          16955,
          19212,
          0,
          5172,
          31613,
          0,
          0,
          0,
          19629,
          11405,
          15297,
          26516,
          0,
          48745,
          26370,
          0,
          0,
          20117,
          42273,
          0,
          0,
          0
        ]
      ],
      "minor_coordinate_indices": [
        0,
        1,
        2,
        3,
        4,
        5,
        6,
        7,
        8,
        9,
        10,
        11,
        12,
        13,
        14,
        15,
        16,
        17,
        18,
        19,
        20,
        21,
        22,
        23,
        24,
        25,
        26,
        27,
        28,
        29,
        30,
        31,
        32,
        33,
        34,
        35,
        36,
        37,
        38,
        39,
        40,
        41,
        42,
        43,
        56
      ],
      "minor_45x45": [
        [
          0,
          0,
          0,
          0,
          0,
          0,
          0,
          0,
          0,
          0,
          0,
          0,
          0,
          0,
          0,
          0,
          0,
          0,
          0,
          0,
          0,
          0,
          0,
          0,
          0,
          0,
          0,
          0,
          0,
          0,
          0,
          0,
          0,
          0,
          0,
          0,
          0,
          0,
          0,
          0,
          0,
          0,
          0,
          0,
          26756
        ],
        [
          0,
          0,
          0,
          0,
          0,
          0,
          0,
          0,
          0,
          0,
          0,
          0,
          0,
          0,
          0,
          0,
          0,
          0,
          0,
          0,
          0,
          23265,
          3126,
          37421,
          20117,
          42273,
          20140,
          29471,
          1276,
          23651,
          10319,
          15297,
          26516,
          30392,
          38616,
          43182,
          19657,
          15764,
          5172,
          31613,
          12366,
          33066,
          30809,
          42759,
          0
        ],
        [
          0,
          0,
          0,
          0,
          0,
          0,
          26756,
          46895,
          12600,
          29904,
          7748,
          29881,
          20550,
          48745,
          26370,
          39702,
          34724,
          23505,
          19629,
          11405,
          6839,
          0,
          0,
          0,
          0,
          0,
          0,
          0,
          0,
          0,
          0,
          0,
          0,
          0,
          0,
          0,
          39529,
          49544,
          38487,
          12110,
          41122,
          30120,
          40910,
          13564,
          0
        ],
        [
          0,
          23265,
          3126,
          37421,
          20117,
          42273,
          0,
          0,
          0,
          0,
          0,
          30364,
          34257,
          44849,
          18408,
          37655,
          16955,
          19212,
          7262,
          29251,
          20265,
          0,
          0,
          0,
          0,
          0,
          10492,
          477,
          11534,
          37911,
          8899,
          19901,
          9111,
          36457,
          28638,
          29130,
          0,
          0,
          0,
          0,
          0,
          0,
          0,
          0,
          0
        ],
        [
          26756,
          0,
          20140,
          29471,
          1276,
          23651,
          0,
          19657,
          15764,
          5172,
          31613,
          0,
          0,
          0,
          0,
          24513,
          3971,
          49068,
          29534,
          19393,
          22972,
          0,
          39529,
          49544,
          38487,
          12110,
          0,
          0,
          0,
          0,
          30383,
          19388,
          4618,
          39436,
          9855,
          24040,
          0,
          0,
          0,
          0,
          4467,
          46712,
          45583,
          12807,
          0
        ],
        [
          46895,
          29881,
          0,
          10319,
          15297,
          26516,
          30364,
          0,
          12366,
          33066,
          30809,
          0,
          25508,
          46050,
          953,
          0,
          0,
          0,
          39681,
          16117,
          28971,
          10492,
          0,
          41122,
          30120,
          40910,
          0,
          19638,
          30633,
          45403,
          0,
          0,
          0,
          11806,
          47497,
          34503,
          0,
          45554,
          3309,
          4438,
          0,
          0,
          0,
          11955,
          31505
        ],
        [
          12600,
          20550,
          39702,
          0,
          30392,
          38616,
          34257,
          37655,
          0,
          42759,
          20770,
          24513,
          0,
          20487,
          30628,
          0,
          10340,
          33904,
          0,
          0,
          17122,
          477,
          8899,
          0,
          13564,
          21383,
          30383,
          0,
          10585,
          40166,
          0,
          38215,
          2524,
          0,
          0,
          2833,
          4467,
          0,
          37214,
          40468,
          0,
          38066,
          8014,
          0,
          18323
        ],
        [
          29904,
          48745,
          34724,
          19629,
          0,
          43182,
          44849,
          16955,
          7262,
          0,
          29756,
          3971,
          29534,
          0,
          27049,
          39681,
          0,
          21050,
          0,
          32899,
          0,
          11534,
          19901,
          36457,
          0,
          20891,
          19388,
          39436,
          0,
          25981,
          11806,
          0,
          15518,
          0,
          47188,
          0,
          46712,
          12807,
          0,
          45858,
          11955,
          0,
          14136,
          0,
          5727
        ],
        [
          7748,
          26370,
          23505,
          11405,
          6839,
          0,
          18408,
          19212,
          29251,
          20265,
          0,
          49068,
          19393,
          22972,
          0,
          16117,
          28971,
          0,
          17122,
          0,
          0,
          37911,
          9111,
          28638,
          29130,
          0,
          4618,
          9855,
          24040,
          0,
          47497,
          34503,
          0,
          2833,
          0,
          0,
          45583,
          9553,
          4163,
          0,
          42007,
          35885,
          0,
          34448,
          3961
        ],
        [
          0,
          0,
          0,
          0,
          0,
          0,
          0,
          0,
          0,
          0,
          0,
          0,
          0,
          0,
          0,
          0,
          0,
          0,
          0,
          0,
          0,
          37081,
          14325,
          29249,
          36897,
          22816,
          34448,
          14136,
          42007,
          38066,
          4163,
          40468,
          12807,
          45583,
          3309,
          4467,
          47188,
          34503,
          2524,
          11806,
          25981,
          9855,
          10585,
          45403,
          33617
        ],
        [
          0,
          0,
          0,
          0,
          0,
          0,
          12940,
          35696,
          20772,
          13124,
          27205,
          15573,
          35885,
          8014,
          11955,
          45858,
          9553,
          37214,
          4438,
          46712,
          45554,
          0,
          0,
          0,
          0,
          0,
          0,
          0,
          0,
          0,
          0,
          0,
          0,
          0,
          0,
          0,
          17122,
          21050,
          16117,
          10340,
          22972,
          30628,
          29534,
          49068,
          47285
        ],
        [
          0,
          37081,
          14325,
          29249,
          36897,
          22816,
          0,
          0,
          0,
          0,
          0,
          2833,
          15518,
          47497,
          38215,
          24040,
          40166,
          39436,
          4618,
          30633,
          30383,
          0,
          0,
          0,
          0,
          0,
          32899,
          28971,
          33904,
          39681,
          27049,
          19393,
          20487,
          953,
          3971,
          25508,
          0,
          0,
          0,
          0,
          0,
          0,
          0,
          0,
          25262
        ],
        [
          12940,
          0,
          34448,
          14136,
          42007,
          38066,
          0,
          47188,
          34503,
          2524,
          11806,
          0,
          0,
          0,
          0,
          20891,
          28638,
          13564,
          40910,
          19901,
          41122,
          0,
          17122,
          21050,
          16117,
          10340,
          0,
          0,
          0,
          0,
          20265,
          20770,
          7262,
          19212,
          33066,
          37655,
          0,
          0,
          0,
          0,
          43182,
          11405,
          30392,
          26516,
          13730
        ],
        [
          35696,
          15573,
          0,
          4163,
          40468,
          12807,
          2833,
          0,
          25981,
          9855,
          10585,
          0,
          29130,
          21383,
          36457,
          0,
          0,
          0,
          37911,
          38487,
          477,
          32899,
          0,
          22972,
          30628,
          29534,
          0,
          29756,
          29251,
          42759,
          0,
          0,
          0,
          31613,
          44849,
          15764,
          0,
          6839,
          38616,
          19629,
          0,
          0,
          0,
          26370,
          0
        ],
        [
          20772,
          35885,
          45858,
          0,
          45583,
          3309,
          15518,
          24040,
          0,
          45403,
          19388,
          20891,
          0,
          9111,
          30120,
          0,
          12110,
          11534,
          0,
          0,
          39529,
          28971,
          27049,
          0,
          49068,
          46050,
          20265,
          0,
          30809,
          16955,
          0,
          18408,
          5172,
          0,
          0,
          30364,
          43182,
          0,
          23505,
          15297,
          0,
          23651,
          48745,
          0,
          0
        ],
        [
          13124,
          8014,
          9553,
          4438,
          0,
          4467,
          47497,
          40166,
          4618,
          0,
          19638,
          28638,
          40910,
          0,
          8899,
          37911,
          0,
          49544,
          0,
          10492,
          0,
          33904,
          19393,
          953,
          0,
          24513,
          20770,
          19212,
          0,
          12366,
          31613,
          0,
          34257,
          0,
          19657,
          0,
          11405,
          26516,
          0,
          39702,
          26370,
          0,
          29471,
          0,
          0
        ],
        [
          27205,
          11955,
          37214,
          46712,
          45554,
          0,
          38215,
          39436,
          30633,
          30383,
          0,
          13564,
          19901,
          41122,
          0,
          38487,
          477,
          0,
          39529,
          0,
          0,
          39681,
          20487,
          3971,
          25508,
          0,
          7262,
          33066,
          37655,
          0,
          44849,
          15764,
          0,
          30364,
          0,
          0,
          30392,
          34724,
          10319,
          0,
          1276,
          20550,
          0,
          20140,
          0
        ],
        [
          0,
          0,
          0,
          0,
          0,
          0,
          16404,
          10813,
          33789,
          2688,
          25850,
          43447,
          3919,
          9733,
          6515,
          40423,
          15603,
          44975,
          48736,
          48245,
          28482,
          2736,
          41957,
          38722,
          37251,
          10104,
          4323,
          3391,
          36283,
          35695,
          29751,
          46428,
          43887,
          32255,
          26533,
          41530,
          0,
          0,
          0,
          0,
          0,
          0,
          0,
          0,
          0
        ],
        [
          0,
          33617,
          39208,
          16232,
          47333,
          24171,
          0,
          0,
          0,
          0,
          0,
          6483,
          17906,
          40280,
          42123,
          27007,
          15782,
          40150,
          12470,
          19522,
          20019,
          24759,
          10080,
          184,
          36855,
          40193,
          0,
          0,
          0,
          0,
          0,
          0,
          0,
          0,
          0,
          0,
          4323,
          3391,
          36283,
          35695,
          29751,
          46428,
          43887,
          32255,
          0
        ],
        [
          16404,
          0,
          6574,
          46102,
          40288,
          43506,
          0,
          43538,
          32115,
          9741,
          7898,
          0,
          0,
          0,
          0,
          1538,
          1161,
          21336,
          23866,
          24791,
          37115,
          36291,
          0,
          0,
          0,
          0,
          10080,
          184,
          36855,
          40193,
          0,
          0,
          0,
          0,
          0,
          0,
          8064,
          11299,
          12770,
          39917,
          0,
          0,
          0,
          0,
          0
        ],
        [
          10813,
          43447,
          0,
          9598,
          34418,
          5046,
          6483,
          0,
          23014,
          34239,
          9871,
          0,
          48483,
          48860,
          28685,
          0,
          0,
          0,
          3961,
          44294,
          18323,
          0,
          36291,
          0,
          0,
          0,
          25262,
          0,
          0,
          0,
          184,
          36855,
          40193,
          0,
          0,
          0,
          2736,
          0,
          0,
          0,
          11299,
          12770,
          39917,
          0,
          32899
        ],
        [
          33789,
          3919,
          40423,
          0,
          1285,
          1776,
          17906,
          27007,
          0,
          37551,
          30499,
          1538,
          0,
          26155,
          25230,
          0,
          46060,
          5727,
          0,
          0,
          18516,
          0,
          0,
          36291,
          0,
          0,
          0,
          25262,
          0,
          0,
          39941,
          0,
          0,
          36855,
          40193,
          0,
          0,
          2736,
          0,
          0,
          41957,
          0,
          0,
          12770,
          28971
        ],
        [
          2688,
          9733,
          15603,
          48736,
          0,
          21539,
          40280,
          15782,
          12470,
          0,
          30002,
          1161,
          23866,
          0,
          12906,
          3961,
          0,
          31698,
          0,
          31505,
          0,
          0,
          0,
          0,
          36291,
          0,
          0,
          0,
          25262,
          0,
          0,
          39941,
          0,
          49837,
          0,
          40193,
          0,
          0,
          2736,
          0,
          0,
          41957,
          0,
          38722,
          33904
        ],
        [
          25850,
          6515,
          44975,
          48245,
          28482,
          0,
          42123,
          40150,
          19522,
          20019,
          0,
          21336,
          24791,
          37115,
          0,
          44294,
          18323,
          0,
          18516,
          0,
          0,
          0,
          0,
          0,
          0,
          36291,
          0,
          0,
          0,
          25262,
          0,
          0,
          39941,
          0,
          49837,
          13166,
          0,
          0,
          0,
          2736,
          0,
          0,
          41957,
          0,
          39681
        ],
        [
          0,
          47285,
          8064,
          11299,
          12770,
          39917,
          25262,
          39941,
          49837,
          13166,
          9828,
          0,
          0,
          0,
          0,
          0,
          0,
          0,
          0,
          0,
          0,
          0,
          0,
          0,
          0,
          0,
          6483,
          17906,
          40280,
          42123,
          27007,
          15782,
          40150,
          12470,
          19522,
          20019,
          6574,
          46102,
          40288,
          43506,
          9598,
          34418,
          5046,
          1285,
          0
        ],
        [
          2736,
          0,
          45698,
          46630,
          13738,
          14326,
          13730,
          0,
          0,
          0,
          0,
          39941,
          49837,
          13166,
          9828,
          0,
          0,
          0,
          0,
          0,
          0,
          0,
          43538,
          32115,
          9741,
          7898,
          0,
          0,
          0,
          0,
          1538,
          1161,
          21336,
          23866,
          24791,
          37115,
          10813,
          33789,
          2688,
          25850,
          0,
          0,
          0,
          0,
          0
        ],
        [
          41957,
          4323,
          0,
          20270,
          3593,
          6134,
          0,
          13730,
          0,
          0,
          0,
          24759,
          0,
          0,
          0,
          49837,
          13166,
          9828,
          0,
          0,
          0,
          6483,
          0,
          23014,
          34239,
          9871,
          0,
          48483,
          48860,
          28685,
          0,
          0,
          0,
          3961,
          44294,
          18323,
          33617,
          0,
          0,
          0,
          33789,
          2688,
          25850,
          0,
          47188
        ],
        [
          38722,
          3391,
          29751,
          0,
          17766,
          23488,
          0,
          0,
          13730,
          0,
          0,
          0,
          24759,
          0,
          0,
          10080,
          0,
          0,
          13166,
          9828,
          0,
          17906,
          27007,
          0,
          37551,
          30499,
          1538,
          0,
          26155,
          25230,
          0,
          46060,
          5727,
          0,
          0,
          18516,
          0,
          33617,
          0,
          0,
          39208,
          0,
          0,
          2688,
          34503
        ],
        [
          37251,
          36283,
          46428,
          32255,
          0,
          8491,
          0,
          0,
          0,
          13730,
          0,
          0,
          0,
          24759,
          0,
          0,
          10080,
          0,
          184,
          0,
          9828,
          40280,
          15782,
          12470,
          0,
          30002,
          1161,
          23866,
          0,
          12906,
          3961,
          0,
          31698,
          0,
          31505,
          0,
          0,
          0,
          33617,
          0,
          0,
          39208,
          0,
          16232,
          2524
        ],
        [
          10104,
          35695,
          43887,
          26533,
          41530,
          0,
          0,
          0,
          0,
          0,
          13730,
          0,
          0,
          0,
          24759,
          0,
          0,
          10080,
          0,
          184,
          36855,
          42123,
          40150,
          19522,
          20019,
          0,
          21336,
          24791,
          37115,
          0,
          44294,
          18323,
          0,
          18516,
          0,
          0,
          0,
          0,
          0,
          33617,
          0,
          0,
          39208,
          0,
          11806
        ],
        [
          24759,
          36291,
          0,
          0,
          0,
          0,
          0,
          45698,
          46630,
          13738,
          14326,
          41957,
          38722,
          37251,
          10104,
          0,
          0,
          0,
          0,
          0,
          0,
          0,
          43447,
          3919,
          9733,
          6515,
          39208,
          16232,
          47333,
          24171,
          0,
          0,
          0,
          0,
          0,
          0,
          0,
          0,
          0,
          0,
          1538,
          1161,
          21336,
          23866,
          0
        ],
        [
          10080,
          0,
          36291,
          0,
          0,
          0,
          4323,
          0,
          20270,
          3593,
          6134,
          47285,
          0,
          0,
          0,
          38722,
          37251,
          10104,
          0,
          0,
          0,
          6574,
          0,
          40423,
          15603,
          44975,
          16404,
          0,
          0,
          0,
          16232,
          47333,
          24171,
          0,
          0,
          0,
          0,
          48483,
          48860,
          28685,
          0,
          0,
          0,
          3961,
          15573
        ],
        [
          184,
          0,
          0,
          36291,
          0,
          0,
          3391,
          29751,
          0,
          17766,
          23488,
          0,
          47285,
          0,
          0,
          8064,
          0,
          0,
          37251,
          10104,
          0,
          46102,
          9598,
          0,
          48736,
          48245,
          0,
          16404,
          0,
          0,
          10813,
          0,
          0,
          47333,
          24171,
          0,
          1538,
          0,
          26155,
          25230,
          0,
          46060,
          5727,
          0,
          35885
        ],
        [
          36855,
          0,
          0,
          0,
          36291,
          0,
          36283,
          46428,
          32255,
          0,
          8491,
          0,
          0,
          47285,
          0,
          0,
          8064,
          0,
          11299,
          0,
          10104,
          40288,
          34418,
          1285,
          0,
          28482,
          0,
          0,
          16404,
          0,
          0,
          10813,
          0,
          33789,
          0,
          24171,
          1161,
          23866,
          0,
          12906,
          3961,
          0,
          31698,
          0,
          8014
        ],
        [
          40193,
          0,
          0,
          0,
          0,
          36291,
          35695,
          43887,
          26533,
          41530,
          0,
          0,
          0,
          0,
          47285,
          0,
          0,
          8064,
          0,
          11299,
          12770,
          43506,
          5046,
          1776,
          21539,
          0,
          0,
          0,
          0,
          16404,
          0,
          0,
          10813,
          0,
          33789,
          2688,
          21336,
          24791,
          37115,
          0,
          44294,
          18323,
          0,
          18516,
          11955
        ],
        [
          0,
          10080,
          25262,
          0,
          0,
          0,
          8064,
          2736,
          0,
          0,
          0,
          0,
          20270,
          3593,
          6134,
          3391,
          36283,
          35695,
          0,
          0,
          0,
          10813,
          33617,
          0,
          0,
          0,
          0,
          40423,
          15603,
          44975,
          46102,
          40288,
          43506,
          0,
          0,
          0,
          0,
          27007,
          15782,
          40150,
          32115,
          9741,
          7898,
          0,
          14325
        ],
        [
          0,
          184,
          0,
          25262,
          0,
          0,
          11299,
          0,
          2736,
          0,
          0,
          29751,
          0,
          17766,
          23488,
          45698,
          0,
          0,
          36283,
          35695,
          0,
          33789,
          0,
          33617,
          0,
          0,
          9598,
          0,
          48736,
          48245,
          43447,
          0,
          0,
          40288,
          43506,
          0,
          23014,
          0,
          12470,
          19522,
          6483,
          0,
          0,
          9741,
          29249
        ],
        [
          0,
          36855,
          0,
          0,
          25262,
          0,
          12770,
          0,
          0,
          2736,
          0,
          46428,
          32255,
          0,
          8491,
          0,
          45698,
          0,
          46630,
          0,
          35695,
          2688,
          0,
          0,
          33617,
          0,
          34418,
          1285,
          0,
          28482,
          0,
          43447,
          0,
          3919,
          0,
          43506,
          34239,
          37551,
          0,
          20019,
          0,
          6483,
          0,
          17906,
          36897
        ],
        [
          0,
          40193,
          0,
          0,
          0,
          25262,
          39917,
          0,
          0,
          0,
          2736,
          43887,
          26533,
          41530,
          0,
          0,
          0,
          45698,
          0,
          46630,
          13738,
          25850,
          0,
          0,
          0,
          33617,
          5046,
          1776,
          21539,
          0,
          0,
          0,
          43447,
          0,
          3919,
          9733,
          9871,
          30499,
          30002,
          0,
          0,
          0,
          6483,
          0,
          22816
        ],
        [
          0,
          0,
          184,
          39941,
          0,
          0,
          0,
          11299,
          41957,
          0,
          0,
          46630,
          4323,
          0,
          0,
          0,
          17766,
          23488,
          46428,
          43887,
          0,
          0,
          33789,
          39208,
          0,
          0,
          3919,
          6574,
          0,
          0,
          0,
          48736,
          48245,
          34418,
          5046,
          0,
          17906,
          43538,
          0,
          0,
          0,
          12470,
          19522,
          34239,
          0
        ],
        [
          0,
          0,
          36855,
          0,
          39941,
          0,
          0,
          12770,
          0,
          41957,
          0,
          13738,
          0,
          4323,
          0,
          32255,
          0,
          8491,
          20270,
          0,
          43887,
          0,
          2688,
          0,
          39208,
          0,
          9733,
          0,
          6574,
          0,
          1285,
          0,
          28482,
          40423,
          0,
          5046,
          40280,
          0,
          43538,
          0,
          37551,
          0,
          20019,
          27007,
          0
        ],
        [
          0,
          0,
          40193,
          0,
          0,
          39941,
          0,
          39917,
          0,
          0,
          41957,
          14326,
          0,
          0,
          4323,
          26533,
          41530,
          0,
          0,
          20270,
          3593,
          0,
          25850,
          0,
          0,
          39208,
          6515,
          0,
          0,
          6574,
          1776,
          21539,
          0,
          0,
          40423,
          15603,
          42123,
          0,
          0,
          43538,
          30499,
          30002,
          0,
          0,
          0
        ],
        [
          0,
          0,
          0,
          36855,
          49837,
          0,
          0,
          0,
          12770,
          38722,
          0,
          0,
          13738,
          3391,
          0,
          3593,
          29751,
          0,
          0,
          8491,
          26533,
          0,
          0,
          2688,
          16232,
          0,
          0,
          9733,
          46102,
          0,
          15603,
          9598,
          0,
          0,
          28482,
          1776,
          0,
          40280,
          32115,
          0,
          15782,
          23014,
          0,
          0,
          0
        ],
        [
          0,
          0,
          0,
          40193,
          0,
          49837,
          0,
          0,
          39917,
          0,
          38722,
          0,
          14326,
          0,
          3391,
          6134,
          0,
          29751,
          41530,
          0,
          17766,
          0,
          0,
          25850,
          0,
          16232,
          0,
          6515,
          0,
          46102,
          44975,
          0,
          9598,
          21539,
          0,
          48736,
          0,
          42123,
          0,
          32115,
          40150,
          0,
          23014,
          30002,
          0
        ],
        [
          0,
          0,
          0,
          0,
          40193,
          13166,
          0,
          0,
          0,
          39917,
          37251,
          0,
          0,
          14326,
          36283,
          0,
          6134,
          46428,
          23488,
          32255,
          0,
          0,
          0,
          0,
          25850,
          47333,
          0,
          0,
          6515,
          40288,
          0,
          44975,
          34418,
          48245,
          1285,
          0,
          0,
          0,
          42123,
          9741,
          0,
          40150,
          34239,
          19522,
          0
        ]
      ],
      "minor_determinant_mod_p": 5222,
      "selfduality_of_all_45_tangents": true,
      "all_81_jacobian_rows_annihilate_all_45_tangents": true,
      "frozen_basis_file_sha256": "59848eb1e3024f33da8b8235796b0ea99429f21c88243070437172b50a6473fb"
    },
    {
      "prime": 32749,
      "seed": 9932584768098142723,
      "orbit_rank": 45,
      "generators": [
        {
          "plane": [
            0,
            1
          ],
          "kind": "boost",
          "entries": [
            [
              0,
              1,
              1
            ],
            [
              1,
              0,
              1
            ]
          ]
        },
        {
          "plane": [
            0,
            2
          ],
          "kind": "boost",
          "entries": [
            [
              0,
              2,
              1
            ],
            [
              2,
              0,
              1
            ]
          ]
        },
        {
          "plane": [
            0,
            3
          ],
          "kind": "boost",
          "entries": [
            [
              0,
              3,
              1
            ],
            [
              3,
              0,
              1
            ]
          ]
        },
        {
          "plane": [
            0,
            4
          ],
          "kind": "boost",
          "entries": [
            [
              0,
              4,
              1
            ],
            [
              4,
              0,
              1
            ]
          ]
        },
        {
          "plane": [
            0,
            5
          ],
          "kind": "boost",
          "entries": [
            [
              0,
              5,
              1
            ],
            [
              5,
              0,
              1
            ]
          ]
        },
        {
          "plane": [
            0,
            6
          ],
          "kind": "boost",
          "entries": [
            [
              0,
              6,
              1
            ],
            [
              6,
              0,
              1
            ]
          ]
        },
        {
          "plane": [
            0,
            7
          ],
          "kind": "boost",
          "entries": [
            [
              0,
              7,
              1
            ],
            [
              7,
              0,
              1
            ]
          ]
        },
        {
          "plane": [
            0,
            8
          ],
          "kind": "boost",
          "entries": [
            [
              0,
              8,
              1
            ],
            [
              8,
              0,
              1
            ]
          ]
        },
        {
          "plane": [
            0,
            9
          ],
          "kind": "boost",
          "entries": [
            [
              0,
              9,
              1
            ],
            [
              9,
              0,
              1
            ]
          ]
        },
        {
          "plane": [
            1,
            2
          ],
          "kind": "rotation",
          "entries": [
            [
              1,
              2,
              1
            ],
            [
              2,
              1,
              -1
            ]
          ]
        },
        {
          "plane": [
            1,
            3
          ],
          "kind": "rotation",
          "entries": [
            [
              1,
              3,
              1
            ],
            [
              3,
              1,
              -1
            ]
          ]
        },
        {
          "plane": [
            1,
            4
          ],
          "kind": "rotation",
          "entries": [
            [
              1,
              4,
              1
            ],
            [
              4,
              1,
              -1
            ]
          ]
        },
        {
          "plane": [
            1,
            5
          ],
          "kind": "rotation",
          "entries": [
            [
              1,
              5,
              1
            ],
            [
              5,
              1,
              -1
            ]
          ]
        },
        {
          "plane": [
            1,
            6
          ],
          "kind": "rotation",
          "entries": [
            [
              1,
              6,
              1
            ],
            [
              6,
              1,
              -1
            ]
          ]
        },
        {
          "plane": [
            1,
            7
          ],
          "kind": "rotation",
          "entries": [
            [
              1,
              7,
              1
            ],
            [
              7,
              1,
              -1
            ]
          ]
        },
        {
          "plane": [
            1,
            8
          ],
          "kind": "rotation",
          "entries": [
            [
              1,
              8,
              1
            ],
            [
              8,
              1,
              -1
            ]
          ]
        },
        {
          "plane": [
            1,
            9
          ],
          "kind": "rotation",
          "entries": [
            [
              1,
              9,
              1
            ],
            [
              9,
              1,
              -1
            ]
          ]
        },
        {
          "plane": [
            2,
            3
          ],
          "kind": "rotation",
          "entries": [
            [
              2,
              3,
              1
            ],
            [
              3,
              2,
              -1
            ]
          ]
        },
        {
          "plane": [
            2,
            4
          ],
          "kind": "rotation",
          "entries": [
            [
              2,
              4,
              1
            ],
            [
              4,
              2,
              -1
            ]
          ]
        },
        {
          "plane": [
            2,
            5
          ],
          "kind": "rotation",
          "entries": [
            [
              2,
              5,
              1
            ],
            [
              5,
              2,
              -1
            ]
          ]
        },
        {
          "plane": [
            2,
            6
          ],
          "kind": "rotation",
          "entries": [
            [
              2,
              6,
              1
            ],
            [
              6,
              2,
              -1
            ]
          ]
        },
        {
          "plane": [
            2,
            7
          ],
          "kind": "rotation",
          "entries": [
            [
              2,
              7,
              1
            ],
            [
              7,
              2,
              -1
            ]
          ]
        },
        {
          "plane": [
            2,
            8
          ],
          "kind": "rotation",
          "entries": [
            [
              2,
              8,
              1
            ],
            [
              8,
              2,
              -1
            ]
          ]
        },
        {
          "plane": [
            2,
            9
          ],
          "kind": "rotation",
          "entries": [
            [
              2,
              9,
              1
            ],
            [
              9,
              2,
              -1
            ]
          ]
        },
        {
          "plane": [
            3,
            4
          ],
          "kind": "rotation",
          "entries": [
            [
              3,
              4,
              1
            ],
            [
              4,
              3,
              -1
            ]
          ]
        },
        {
          "plane": [
            3,
            5
          ],
          "kind": "rotation",
          "entries": [
            [
              3,
              5,
              1
            ],
            [
              5,
              3,
              -1
            ]
          ]
        },
        {
          "plane": [
            3,
            6
          ],
          "kind": "rotation",
          "entries": [
            [
              3,
              6,
              1
            ],
            [
              6,
              3,
              -1
            ]
          ]
        },
        {
          "plane": [
            3,
            7
          ],
          "kind": "rotation",
          "entries": [
            [
              3,
              7,
              1
            ],
            [
              7,
              3,
              -1
            ]
          ]
        },
        {
          "plane": [
            3,
            8
          ],
          "kind": "rotation",
          "entries": [
            [
              3,
              8,
              1
            ],
            [
              8,
              3,
              -1
            ]
          ]
        },
        {
          "plane": [
            3,
            9
          ],
          "kind": "rotation",
          "entries": [
            [
              3,
              9,
              1
            ],
            [
              9,
              3,
              -1
            ]
          ]
        },
        {
          "plane": [
            4,
            5
          ],
          "kind": "rotation",
          "entries": [
            [
              4,
              5,
              1
            ],
            [
              5,
              4,
              -1
            ]
          ]
        },
        {
          "plane": [
            4,
            6
          ],
          "kind": "rotation",
          "entries": [
            [
              4,
              6,
              1
            ],
            [
              6,
              4,
              -1
            ]
          ]
        },
        {
          "plane": [
            4,
            7
          ],
          "kind": "rotation",
          "entries": [
            [
              4,
              7,
              1
            ],
            [
              7,
              4,
              -1
            ]
          ]
        },
        {
          "plane": [
            4,
            8
          ],
          "kind": "rotation",
          "entries": [
            [
              4,
              8,
              1
            ],
            [
              8,
              4,
              -1
            ]
          ]
        },
        {
          "plane": [
            4,
            9
          ],
          "kind": "rotation",
          "entries": [
            [
              4,
              9,
              1
            ],
            [
              9,
              4,
              -1
            ]
          ]
        },
        {
          "plane": [
            5,
            6
          ],
          "kind": "rotation",
          "entries": [
            [
              5,
              6,
              1
            ],
            [
              6,
              5,
              -1
            ]
          ]
        },
        {
          "plane": [
            5,
            7
          ],
          "kind": "rotation",
          "entries": [
            [
              5,
              7,
              1
            ],
            [
              7,
              5,
              -1
            ]
          ]
        },
        {
          "plane": [
            5,
            8
          ],
          "kind": "rotation",
          "entries": [
            [
              5,
              8,
              1
            ],
            [
              8,
              5,
              -1
            ]
          ]
        },
        {
          "plane": [
            5,
            9
          ],
          "kind": "rotation",
          "entries": [
            [
              5,
              9,
              1
            ],
            [
              9,
              5,
              -1
            ]
          ]
        },
        {
          "plane": [
            6,
            7
          ],
          "kind": "rotation",
          "entries": [
            [
              6,
              7,
              1
            ],
            [
              7,
              6,
              -1
            ]
          ]
        },
        {
          "plane": [
            6,
            8
          ],
          "kind": "rotation",
          "entries": [
            [
              6,
              8,
              1
            ],
            [
              8,
              6,
              -1
            ]
          ]
        },
        {
          "plane": [
            6,
            9
          ],
          "kind": "rotation",
          "entries": [
            [
              6,
              9,
              1
            ],
            [
              9,
              6,
              -1
            ]
          ]
        },
        {
          "plane": [
            7,
            8
          ],
          "kind": "rotation",
          "entries": [
            [
              7,
              8,
              1
            ],
            [
              8,
              7,
              -1
            ]
          ]
        },
        {
          "plane": [
            7,
            9
          ],
          "kind": "rotation",
          "entries": [
            [
              7,
              9,
              1
            ],
            [
              9,
              7,
              -1
            ]
          ]
        },
        {
          "plane": [
            8,
            9
          ],
          "kind": "rotation",
          "entries": [
            [
              8,
              9,
              1
            ],
            [
              9,
              8,
              -1
            ]
          ]
        }
      ],
      "generator_rows_45x126": [
        [
          0,
          0,
          0,
          0,
          0,
          0,
          0,
          0,
          0,
          0,
          0,
          0,
          0,
          0,
          0,
          0,
          0,
          0,
          0,
          0,
          0,
          0,
          0,
          0,
          0,
          0,
          0,
          0,
          0,
          0,
          0,
          0,
          0,
          0,
          0,
          0,
          0,
          0,
          0,
          0,
          0,
          0,
          0,
          0,
          0,
          0,
          0,
          0,
          0,
          0,
          0,
          0,
          0,
          0,
          0,
          0,
          31490,
          26844,
          18508,
          8177,
          7888,
          27569,
          21355,
          21864,
          2155,
          836,
          16784,
          24943,
          9193,
          7457,
          31029,
          12065,
          17467,
          16996,
          18565,
          25751,
          2699,
          4389,
          13628,
          30902,
          19680,
          9867,
          5532,
          634,
          12470,
          17339,
          20207,
          9372,
          15943,
          24866,
          28260,
          23309,
          24292,
          1478,
          15267,
          27685,
          8956,
          22073,
          13641,
          31161,
          20258,
          30344,
          31162,
          21696,
          27085,
          18755,
          8978,
          20808,
          12273,
          8623,
          22057,
          1775,
          12724,
          25516,
          27828,
          20588,
          22014,
          32369,
          1488,
          26738,
          5879,
          18592,
          28845,
          12618,
          5698,
          28295
        ],
        [
          0,
          0,
          0,
          0,
          0,
          0,
          0,
          0,
          0,
          0,
          0,
          0,
          0,
          0,
          0,
          0,
          0,
          0,
          0,
          0,
          0,
          1259,
          5905,
          14241,
          24572,
          24861,
          5180,
          11394,
          10885,
          30594,
          31913,
          15965,
          7806,
          23556,
          25292,
          1720,
          20684,
          15282,
          15753,
          14184,
          6998,
          30050,
          28360,
          19121,
          1847,
          13069,
          22882,
          27217,
          32115,
          20279,
          15410,
          12542,
          23377,
          16806,
          7883,
          4489,
          0,
          0,
          0,
          0,
          0,
          0,
          0,
          0,
          0,
          0,
          0,
          0,
          0,
          0,
          0,
          0,
          0,
          0,
          0,
          0,
          0,
          0,
          0,
          0,
          0,
          0,
          0,
          0,
          0,
          0,
          0,
          0,
          0,
          0,
          0,
          31281,
          10185,
          22514,
          7664,
          27850,
          22127,
          16706,
          13390,
          29570,
          11686,
          21491,
          11750,
          10459,
          27,
          29442,
          19180,
          21143,
          28303,
          10914,
          5009,
          14985,
          26727,
          10575,
          16401,
          1442,
          8608,
          14211,
          23424,
          21887,
          16026,
          148,
          13329,
          27889,
          4534,
          8265
        ],
        [
          0,
          0,
          0,
          0,
          0,
          0,
          31490,
          26844,
          18508,
          8177,
          7888,
          27569,
          21355,
          21864,
          2155,
          836,
          16784,
          24943,
          9193,
          7457,
          31029,
          0,
          0,
          0,
          0,
          0,
          0,
          0,
          0,
          0,
          0,
          0,
          0,
          0,
          0,
          0,
          9440,
          8457,
          31271,
          17482,
          5064,
          23793,
          10676,
          19108,
          1588,
          12491,
          2405,
          1587,
          11053,
          5664,
          13994,
          23771,
          11941,
          20476,
          24126,
          10692,
          0,
          0,
          0,
          0,
          0,
          0,
          0,
          0,
          0,
          0,
          0,
          0,
          0,
          0,
          0,
          1468,
          22564,
          10235,
          25085,
          4899,
          10622,
          16043,
          19359,
          3179,
          21063,
          11258,
          20999,
          22290,
          32722,
          3307,
          13569,
          11606,
          4446,
          21835,
          27740,
          0,
          0,
          0,
          0,
          0,
          0,
          0,
          0,
          0,
          0,
          0,
          0,
          0,
          0,
          0,
          0,
          0,
          0,
          0,
          0,
          16912,
          23584,
          6099,
          5477,
          28154,
          5328,
          17978,
          2843,
          14708,
          2295,
          19647,
          32418,
          5914,
          18616,
          30978
        ],
        [
          0,
          1259,
          5905,
          14241,
          24572,
          24861,
          0,
          0,
          0,
          0,
          0,
          12065,
          17467,
          16996,
          18565,
          25751,
          2699,
          4389,
          13628,
          30902,
          19680,
          0,
          0,
          0,
          0,
          0,
          23309,
          24292,
          1478,
          15267,
          27685,
          8956,
          22073,
          13641,
          31161,
          20258,
          0,
          0,
          0,
          0,
          0,
          0,
          0,
          0,
          0,
          0,
          30974,
          20025,
          7233,
          4921,
          12161,
          10735,
          380,
          31261,
          6011,
          26870,
          0,
          0,
          0,
          0,
          0,
          31281,
          10185,
          22514,
          7664,
          27850,
          22127,
          16706,
          13390,
          29570,
          11686,
          0,
          0,
          0,
          0,
          0,
          0,
          0,
          0,
          0,
          0,
          17764,
          6022,
          22174,
          16348,
          31307,
          24141,
          18538,
          9325,
          10862,
          16723,
          0,
          0,
          0,
          0,
          0,
          0,
          0,
          0,
          0,
          0,
          15837,
          9165,
          26650,
          27272,
          4595,
          27421,
          14771,
          29906,
          18041,
          30454,
          0,
          0,
          0,
          0,
          0,
          0,
          0,
          0,
          0,
          0,
          19157,
          55,
          20158,
          18289,
          3383
        ],
        [
          31490,
          0,
          5180,
          11394,
          10885,
          30594,
          0,
          20684,
          15282,
          15753,
          14184,
          0,
          0,
          0,
          0,
          9867,
          5532,
          634,
          12470,
          17339,
          20207,
          0,
          9440,
          8457,
          31271,
          17482,
          0,
          0,
          0,
          0,
          30344,
          31162,
          21696,
          27085,
          18755,
          8978,
          0,
          0,
          0,
          0,
          1775,
          12724,
          25516,
          27828,
          20588,
          22014,
          0,
          0,
          0,
          0,
          0,
          0,
          14157,
          3904,
          20131,
          27051,
          0,
          1468,
          22564,
          10235,
          25085,
          0,
          0,
          0,
          0,
          21491,
          11750,
          10459,
          27,
          29442,
          19180,
          0,
          0,
          0,
          0,
          14985,
          26727,
          10575,
          16401,
          1442,
          8608,
          0,
          0,
          0,
          0,
          0,
          0,
          32601,
          19420,
          4860,
          28215,
          0,
          0,
          0,
          0,
          16912,
          23584,
          6099,
          5477,
          28154,
          5328,
          0,
          0,
          0,
          0,
          0,
          0,
          13102,
          331,
          26835,
          14133,
          0,
          0,
          0,
          0,
          0,
          0,
          13592,
          32694,
          12591,
          14460,
          0,
          0,
          0,
          0,
          28419
        ],
        [
          26844,
          27569,
          0,
          31913,
          15965,
          7806,
          12065,
          0,
          6998,
          30050,
          28360,
          0,
          22882,
          27217,
          32115,
          0,
          0,
          0,
          9372,
          15943,
          24866,
          23309,
          0,
          5064,
          23793,
          10676,
          0,
          2405,
          1587,
          11053,
          0,
          0,
          0,
          20808,
          12273,
          8623,
          0,
          30974,
          20025,
          7233,
          0,
          0,
          0,
          32369,
          1488,
          26738,
          0,
          0,
          0,
          18592,
          28845,
          12618,
          0,
          0,
          0,
          4454,
          31281,
          0,
          4899,
          10622,
          16043,
          0,
          11258,
          20999,
          22290,
          0,
          0,
          0,
          21143,
          28303,
          10914,
          0,
          17764,
          6022,
          22174,
          0,
          0,
          0,
          14211,
          23424,
          21887,
          0,
          0,
          0,
          148,
          13329,
          27889,
          0,
          0,
          0,
          24484,
          0,
          15837,
          9165,
          26650,
          0,
          0,
          0,
          17978,
          2843,
          14708,
          0,
          0,
          0,
          19647,
          32418,
          5914,
          0,
          0,
          0,
          1771,
          0,
          0,
          0,
          19157,
          55,
          20158,
          0,
          0,
          0,
          29366,
          0,
          0,
          0,
          4330,
          0
        ],
        [
          18508,
          21355,
          836,
          0,
          23556,
          25292,
          17467,
          25751,
          0,
          19121,
          1847,
          9867,
          0,
          20279,
          15410,
          0,
          23377,
          16806,
          0,
          0,
          28260,
          24292,
          27685,
          0,
          19108,
          1588,
          30344,
          0,
          5664,
          13994,
          0,
          11941,
          20476,
          0,
          0,
          22057,
          1775,
          0,
          4921,
          12161,
          0,
          380,
          31261,
          0,
          0,
          5879,
          0,
          14157,
          3904,
          0,
          0,
          5698,
          0,
          0,
          28295,
          0,
          10185,
          27850,
          0,
          19359,
          3179,
          21491,
          0,
          32722,
          3307,
          0,
          11606,
          4446,
          0,
          0,
          5009,
          14985,
          0,
          16348,
          31307,
          0,
          18538,
          9325,
          0,
          0,
          16026,
          0,
          32601,
          19420,
          0,
          0,
          4534,
          0,
          0,
          8265,
          0,
          16912,
          0,
          27272,
          4595,
          0,
          14771,
          29906,
          0,
          0,
          2295,
          0,
          13102,
          331,
          0,
          0,
          18616,
          0,
          0,
          30978,
          0,
          0,
          13592,
          32694,
          0,
          0,
          18289,
          0,
          0,
          3383,
          0,
          0,
          0,
          28419,
          0,
          0
        ],
        [
          8177,
          21864,
          16784,
          9193,
          0,
          1720,
          16996,
          2699,
          13628,
          0,
          13069,
          5532,
          12470,
          0,
          12542,
          9372,
          0,
          7883,
          0,
          4489,
          0,
          1478,
          8956,
          13641,
          0,
          12491,
          31162,
          27085,
          0,
          23771,
          20808,
          0,
          24126,
          0,
          10692,
          0,
          12724,
          27828,
          0,
          10735,
          32369,
          0,
          6011,
          0,
          26870,
          0,
          18592,
          0,
          20131,
          0,
          27051,
          0,
          0,
          4454,
          0,
          0,
          22514,
          22127,
          13390,
          0,
          21063,
          11750,
          27,
          0,
          13569,
          21143,
          0,
          21835,
          0,
          27740,
          0,
          26727,
          16401,
          0,
          24141,
          14211,
          0,
          10862,
          0,
          16723,
          0,
          148,
          0,
          4860,
          0,
          28215,
          0,
          0,
          24484,
          0,
          0,
          23584,
          5477,
          0,
          27421,
          17978,
          0,
          18041,
          0,
          30454,
          0,
          19647,
          0,
          26835,
          0,
          14133,
          0,
          0,
          1771,
          0,
          0,
          19157,
          0,
          12591,
          0,
          14460,
          0,
          0,
          29366,
          0,
          0,
          0,
          4330,
          0,
          0,
          0
        ],
        [
          7888,
          2155,
          24943,
          7457,
          31029,
          0,
          18565,
          4389,
          30902,
          19680,
          0,
          634,
          17339,
          20207,
          0,
          15943,
          24866,
          0,
          28260,
          0,
          0,
          15267,
          22073,
          31161,
          20258,
          0,
          21696,
          18755,
          8978,
          0,
          12273,
          8623,
          0,
          22057,
          0,
          0,
          25516,
          20588,
          22014,
          0,
          1488,
          26738,
          0,
          5879,
          0,
          0,
          28845,
          12618,
          0,
          5698,
          0,
          0,
          28295,
          0,
          0,
          0,
          7664,
          16706,
          29570,
          11686,
          0,
          10459,
          29442,
          19180,
          0,
          28303,
          10914,
          0,
          5009,
          0,
          0,
          10575,
          1442,
          8608,
          0,
          23424,
          21887,
          0,
          16026,
          0,
          0,
          13329,
          27889,
          0,
          4534,
          0,
          0,
          8265,
          0,
          0,
          0,
          6099,
          28154,
          5328,
          0,
          2843,
          14708,
          0,
          2295,
          0,
          0,
          32418,
          5914,
          0,
          18616,
          0,
          0,
          30978,
          0,
          0,
          0,
          55,
          20158,
          0,
          18289,
          0,
          0,
          3383,
          0,
          0,
          0,
          28419,
          0,
          0,
          0,
          0
        ],
        [
          0,
          0,
          0,
          0,
          0,
          0,
          0,
          0,
          0,
          0,
          0,
          0,
          0,
          0,
          0,
          0,
          0,
          0,
          0,
          0,
          0,
          28295,
          27051,
          12618,
          3904,
          18592,
          5879,
          6011,
          1488,
          380,
          22014,
          12161,
          27828,
          25516,
          20025,
          1775,
          10692,
          8623,
          20476,
          20808,
          23771,
          18755,
          5664,
          11053,
          31162,
          2405,
          20258,
          1588,
          13641,
          22073,
          23793,
          27685,
          17482,
          1478,
          8457,
          23309,
          8265,
          28215,
          27889,
          19420,
          148,
          16026,
          10862,
          23424,
          18538,
          8608,
          31307,
          16401,
          10575,
          6022,
          14985,
          27740,
          10914,
          4446,
          21143,
          13569,
          29442,
          32722,
          22290,
          11750,
          11258,
          11686,
          3179,
          13390,
          16706,
          10622,
          27850,
          25085,
          22514,
          22564,
          31281,
          0,
          0,
          0,
          0,
          0,
          0,
          0,
          0,
          0,
          0,
          0,
          0,
          0,
          0,
          0,
          0,
          0,
          0,
          0,
          0,
          0,
          0,
          0,
          0,
          0,
          0,
          0,
          0,
          0,
          0,
          0,
          0,
          0,
          0,
          0
        ],
        [
          0,
          0,
          0,
          0,
          0,
          0,
          4454,
          5698,
          20131,
          28845,
          14157,
          26870,
          26738,
          31261,
          32369,
          10735,
          20588,
          4921,
          7233,
          12724,
          30974,
          0,
          0,
          0,
          0,
          0,
          0,
          0,
          0,
          0,
          0,
          0,
          0,
          0,
          0,
          0,
          28260,
          7883,
          15943,
          23377,
          20207,
          15410,
          12470,
          634,
          27217,
          9867,
          13069,
          30902,
          19121,
          28360,
          2699,
          6998,
          18565,
          15753,
          17467,
          20684,
          30978,
          14133,
          5914,
          331,
          19647,
          2295,
          18041,
          2843,
          14771,
          5328,
          4595,
          5477,
          6099,
          9165,
          16912,
          0,
          0,
          0,
          0,
          0,
          0,
          0,
          0,
          0,
          0,
          0,
          0,
          0,
          0,
          0,
          0,
          0,
          0,
          0,
          0,
          27740,
          10914,
          4446,
          21143,
          13569,
          29442,
          32722,
          22290,
          11750,
          11258,
          11686,
          3179,
          13390,
          16706,
          10622,
          27850,
          25085,
          22514,
          22564,
          31281,
          0,
          0,
          0,
          0,
          0,
          0,
          0,
          0,
          0,
          0,
          0,
          0,
          0,
          0,
          0
        ],
        [
          0,
          28295,
          27051,
          12618,
          3904,
          18592,
          0,
          0,
          0,
          0,
          0,
          22057,
          24126,
          12273,
          11941,
          8978,
          13994,
          27085,
          21696,
          1587,
          30344,
          0,
          0,
          0,
          0,
          0,
          4489,
          24866,
          16806,
          9372,
          12542,
          17339,
          20279,
          32115,
          5532,
          22882,
          0,
          0,
          0,
          0,
          0,
          0,
          0,
          0,
          0,
          0,
          31029,
          25292,
          9193,
          24943,
          15965,
          836,
          30594,
          21864,
          11394,
          27569,
          3383,
          14460,
          20158,
          32694,
          19157,
          0,
          0,
          0,
          0,
          0,
          0,
          0,
          0,
          0,
          0,
          2295,
          18041,
          2843,
          14771,
          5328,
          4595,
          5477,
          6099,
          9165,
          16912,
          0,
          0,
          0,
          0,
          0,
          0,
          0,
          0,
          0,
          0,
          16723,
          21887,
          9325,
          14211,
          24141,
          1442,
          16348,
          22174,
          26727,
          17764,
          0,
          0,
          0,
          0,
          0,
          0,
          0,
          0,
          0,
          0,
          11686,
          3179,
          13390,
          16706,
          10622,
          27850,
          25085,
          22514,
          22564,
          31281,
          0,
          0,
          0,
          0,
          0
        ],
        [
          4454,
          0,
          5879,
          6011,
          1488,
          380,
          0,
          10692,
          8623,
          20476,
          20808,
          0,
          0,
          0,
          0,
          12491,
          31161,
          19108,
          10676,
          8956,
          5064,
          0,
          28260,
          7883,
          15943,
          23377,
          0,
          0,
          0,
          0,
          19680,
          1847,
          13628,
          4389,
          30050,
          25751,
          0,
          0,
          0,
          0,
          1720,
          7457,
          23556,
          7806,
          16784,
          31913,
          0,
          0,
          0,
          0,
          0,
          0,
          7888,
          24572,
          18508,
          5905,
          28419,
          0,
          0,
          0,
          0,
          14460,
          20158,
          32694,
          19157,
          0,
          0,
          0,
          0,
          0,
          0,
          18616,
          26835,
          32418,
          13102,
          0,
          0,
          0,
          0,
          0,
          0,
          5328,
          4595,
          5477,
          6099,
          9165,
          16912,
          0,
          0,
          0,
          0,
          28215,
          27889,
          19420,
          148,
          0,
          0,
          0,
          0,
          0,
          0,
          24141,
          1442,
          16348,
          22174,
          26727,
          17764,
          0,
          0,
          0,
          0,
          19180,
          3307,
          27,
          10459,
          20999,
          21491,
          0,
          0,
          0,
          0,
          25085,
          22514,
          22564,
          31281,
          0
        ],
        [
          5698,
          26870,
          0,
          22014,
          12161,
          27828,
          22057,
          0,
          23771,
          18755,
          5664,
          0,
          20258,
          1588,
          13641,
          0,
          0,
          0,
          15267,
          31271,
          24292,
          4489,
          0,
          20207,
          15410,
          12470,
          0,
          13069,
          30902,
          19121,
          0,
          0,
          0,
          14184,
          16996,
          15282,
          0,
          31029,
          25292,
          9193,
          0,
          0,
          0,
          2155,
          10885,
          21355,
          0,
          0,
          0,
          24861,
          8177,
          14241,
          0,
          0,
          0,
          31490,
          0,
          28419,
          0,
          0,
          0,
          29366,
          0,
          0,
          0,
          20158,
          32694,
          19157,
          0,
          0,
          0,
          30978,
          0,
          0,
          0,
          26835,
          32418,
          13102,
          0,
          0,
          0,
          14708,
          29906,
          17978,
          0,
          0,
          0,
          6099,
          9165,
          16912,
          0,
          24484,
          0,
          0,
          0,
          27889,
          19420,
          148,
          0,
          0,
          0,
          10862,
          23424,
          18538,
          0,
          0,
          0,
          22174,
          26727,
          17764,
          0,
          10914,
          4446,
          21143,
          0,
          0,
          0,
          10459,
          20999,
          21491,
          0,
          16043,
          22127,
          4899,
          0,
          31281
        ],
        [
          20131,
          26738,
          10735,
          0,
          25516,
          20025,
          24126,
          8978,
          0,
          11053,
          31162,
          12491,
          0,
          22073,
          23793,
          0,
          17482,
          1478,
          0,
          0,
          9440,
          24866,
          12542,
          0,
          634,
          27217,
          19680,
          0,
          28360,
          2699,
          0,
          18565,
          15753,
          0,
          0,
          12065,
          1720,
          0,
          24943,
          15965,
          0,
          30594,
          21864,
          0,
          0,
          5180,
          0,
          7888,
          24572,
          0,
          0,
          26844,
          0,
          0,
          1259,
          0,
          0,
          0,
          28419,
          0,
          0,
          0,
          29366,
          0,
          0,
          18289,
          0,
          0,
          32694,
          19157,
          0,
          0,
          30978,
          0,
          0,
          14133,
          0,
          0,
          32418,
          13102,
          0,
          2295,
          0,
          0,
          29906,
          17978,
          0,
          28154,
          27272,
          0,
          16912,
          0,
          24484,
          0,
          0,
          4534,
          0,
          0,
          19420,
          148,
          0,
          16723,
          0,
          0,
          23424,
          18538,
          0,
          31307,
          16401,
          0,
          17764,
          5009,
          0,
          0,
          4446,
          21143,
          0,
          29442,
          32722,
          0,
          21491,
          3179,
          13390,
          0,
          4899,
          10185
        ],
        [
          28845,
          31261,
          20588,
          7233,
          0,
          1775,
          12273,
          13994,
          21696,
          0,
          2405,
          31161,
          10676,
          0,
          27685,
          15267,
          0,
          8457,
          0,
          23309,
          0,
          16806,
          17339,
          32115,
          0,
          9867,
          1847,
          4389,
          0,
          6998,
          14184,
          0,
          17467,
          0,
          20684,
          0,
          7457,
          7806,
          0,
          836,
          2155,
          0,
          11394,
          0,
          27569,
          0,
          24861,
          0,
          18508,
          0,
          5905,
          0,
          0,
          31490,
          0,
          0,
          0,
          0,
          0,
          28419,
          0,
          0,
          0,
          29366,
          0,
          0,
          18289,
          0,
          12591,
          0,
          19157,
          0,
          0,
          30978,
          0,
          0,
          14133,
          0,
          5914,
          0,
          13102,
          0,
          2295,
          0,
          18041,
          0,
          17978,
          5328,
          0,
          27272,
          23584,
          0,
          0,
          24484,
          0,
          0,
          4534,
          0,
          4860,
          0,
          148,
          0,
          16723,
          0,
          21887,
          0,
          18538,
          24141,
          0,
          16401,
          6022,
          0,
          5009,
          0,
          21835,
          0,
          21143,
          19180,
          0,
          32722,
          11750,
          21063,
          0,
          13390,
          10622,
          22514
        ],
        [
          14157,
          32369,
          4921,
          12724,
          30974,
          0,
          11941,
          27085,
          1587,
          30344,
          0,
          19108,
          8956,
          5064,
          0,
          31271,
          24292,
          0,
          9440,
          0,
          0,
          9372,
          20279,
          5532,
          22882,
          0,
          13628,
          30050,
          25751,
          0,
          16996,
          15282,
          0,
          12065,
          0,
          0,
          23556,
          16784,
          31913,
          0,
          10885,
          21355,
          0,
          5180,
          0,
          0,
          8177,
          14241,
          0,
          26844,
          0,
          0,
          1259,
          0,
          0,
          0,
          0,
          0,
          0,
          0,
          28419,
          0,
          0,
          0,
          29366,
          0,
          0,
          18289,
          0,
          12591,
          55,
          0,
          0,
          0,
          30978,
          0,
          0,
          14133,
          0,
          5914,
          331,
          0,
          0,
          2295,
          0,
          18041,
          2843,
          0,
          5328,
          4595,
          6099,
          0,
          0,
          0,
          24484,
          0,
          0,
          4534,
          0,
          4860,
          13329,
          0,
          0,
          16723,
          0,
          21887,
          9325,
          0,
          24141,
          1442,
          22174,
          0,
          0,
          5009,
          0,
          21835,
          28303,
          0,
          19180,
          3307,
          10459,
          0,
          21063,
          29570,
          16043,
          7664
        ],
        [
          0,
          0,
          0,
          0,
          0,
          0,
          24484,
          4534,
          4860,
          13329,
          32601,
          16723,
          21887,
          9325,
          14211,
          24141,
          1442,
          16348,
          22174,
          26727,
          17764,
          1771,
          18616,
          26835,
          32418,
          13102,
          30454,
          14708,
          29906,
          17978,
          27421,
          28154,
          27272,
          26650,
          23584,
          15837,
          0,
          0,
          0,
          0,
          0,
          0,
          0,
          0,
          0,
          0,
          0,
          0,
          0,
          0,
          0,
          0,
          0,
          0,
          0,
          0,
          0,
          0,
          0,
          0,
          0,
          0,
          0,
          0,
          0,
          0,
          0,
          0,
          0,
          0,
          0,
          28260,
          7883,
          15943,
          23377,
          20207,
          15410,
          12470,
          634,
          27217,
          9867,
          13069,
          30902,
          19121,
          28360,
          2699,
          6998,
          18565,
          15753,
          17467,
          20684,
          22057,
          24126,
          12273,
          11941,
          8978,
          13994,
          27085,
          21696,
          1587,
          30344,
          12491,
          31161,
          19108,
          10676,
          8956,
          5064,
          15267,
          31271,
          24292,
          9440,
          0,
          0,
          0,
          0,
          0,
          0,
          0,
          0,
          0,
          0,
          0,
          0,
          0,
          0,
          0
        ],
        [
          0,
          8265,
          28215,
          27889,
          19420,
          148,
          0,
          0,
          0,
          0,
          0,
          5009,
          21835,
          28303,
          11606,
          19180,
          3307,
          27,
          10459,
          20999,
          21491,
          29366,
          18289,
          12591,
          55,
          13592,
          0,
          0,
          0,
          0,
          0,
          0,
          0,
          0,
          0,
          0,
          30454,
          14708,
          29906,
          17978,
          27421,
          28154,
          27272,
          26650,
          23584,
          15837,
          0,
          0,
          0,
          0,
          0,
          0,
          0,
          0,
          0,
          0,
          0,
          0,
          0,
          0,
          0,
          4489,
          24866,
          16806,
          9372,
          12542,
          17339,
          20279,
          32115,
          5532,
          22882,
          0,
          0,
          0,
          0,
          0,
          0,
          0,
          0,
          0,
          0,
          31029,
          25292,
          9193,
          24943,
          15965,
          836,
          30594,
          21864,
          11394,
          27569,
          5879,
          6011,
          1488,
          380,
          22014,
          12161,
          27828,
          25516,
          20025,
          1775,
          0,
          0,
          0,
          0,
          0,
          0,
          0,
          0,
          0,
          0,
          12491,
          31161,
          19108,
          10676,
          8956,
          5064,
          15267,
          31271,
          24292,
          9440,
          0,
          0,
          0,
          0,
          0
        ],
        [
          24484,
          0,
          16026,
          10862,
          23424,
          18538,
          0,
          27740,
          10914,
          4446,
          21143,
          0,
          0,
          0,
          0,
          21063,
          29570,
          19359,
          16043,
          22127,
          4899,
          4330,
          0,
          0,
          0,
          0,
          18289,
          12591,
          55,
          13592,
          0,
          0,
          0,
          0,
          0,
          0,
          14133,
          5914,
          331,
          19647,
          0,
          0,
          0,
          0,
          0,
          0,
          27421,
          28154,
          27272,
          26650,
          23584,
          15837,
          0,
          0,
          0,
          0,
          0,
          28260,
          7883,
          15943,
          23377,
          0,
          0,
          0,
          0,
          19680,
          1847,
          13628,
          4389,
          30050,
          25751,
          0,
          0,
          0,
          0,
          1720,
          7457,
          23556,
          7806,
          16784,
          31913,
          0,
          0,
          0,
          0,
          0,
          0,
          7888,
          24572,
          18508,
          5905,
          5698,
          20131,
          28845,
          14157,
          0,
          0,
          0,
          0,
          0,
          0,
          22014,
          12161,
          27828,
          25516,
          20025,
          1775,
          0,
          0,
          0,
          0,
          23771,
          18755,
          5664,
          11053,
          31162,
          2405,
          0,
          0,
          0,
          0,
          15267,
          31271,
          24292,
          9440,
          0
        ],
        [
          4534,
          16723,
          0,
          8608,
          31307,
          16401,
          5009,
          0,
          13569,
          29442,
          32722,
          0,
          11686,
          3179,
          13390,
          0,
          0,
          0,
          7664,
          10235,
          10185,
          0,
          4330,
          0,
          0,
          0,
          3383,
          0,
          0,
          0,
          12591,
          55,
          13592,
          0,
          0,
          0,
          1771,
          0,
          0,
          0,
          5914,
          331,
          19647,
          0,
          0,
          0,
          18041,
          2843,
          14771,
          0,
          0,
          0,
          26650,
          23584,
          15837,
          0,
          4489,
          0,
          20207,
          15410,
          12470,
          0,
          13069,
          30902,
          19121,
          0,
          0,
          0,
          14184,
          16996,
          15282,
          0,
          31029,
          25292,
          9193,
          0,
          0,
          0,
          2155,
          10885,
          21355,
          0,
          0,
          0,
          24861,
          8177,
          14241,
          0,
          0,
          0,
          31490,
          28295,
          0,
          0,
          0,
          20131,
          28845,
          14157,
          0,
          0,
          0,
          26738,
          31261,
          32369,
          0,
          0,
          0,
          25516,
          20025,
          1775,
          0,
          24126,
          12273,
          11941,
          0,
          0,
          0,
          11053,
          31162,
          2405,
          0,
          22073,
          23793,
          27685,
          0,
          9440
        ],
        [
          4860,
          21887,
          24141,
          0,
          10575,
          6022,
          21835,
          19180,
          0,
          22290,
          11750,
          21063,
          0,
          16706,
          10622,
          0,
          25085,
          22514,
          0,
          0,
          1468,
          0,
          0,
          4330,
          0,
          0,
          0,
          3383,
          0,
          0,
          14460,
          0,
          0,
          55,
          13592,
          0,
          0,
          1771,
          0,
          0,
          18616,
          0,
          0,
          331,
          19647,
          0,
          30454,
          0,
          0,
          2843,
          14771,
          0,
          4595,
          5477,
          0,
          15837,
          24866,
          12542,
          0,
          634,
          27217,
          19680,
          0,
          28360,
          2699,
          0,
          18565,
          15753,
          0,
          0,
          12065,
          1720,
          0,
          24943,
          15965,
          0,
          30594,
          21864,
          0,
          0,
          5180,
          0,
          7888,
          24572,
          0,
          0,
          26844,
          0,
          0,
          1259,
          0,
          0,
          28295,
          0,
          0,
          27051,
          0,
          0,
          28845,
          14157,
          0,
          5879,
          0,
          0,
          31261,
          32369,
          0,
          20588,
          4921,
          0,
          1775,
          10692,
          0,
          0,
          12273,
          11941,
          0,
          13994,
          27085,
          0,
          2405,
          31161,
          19108,
          0,
          27685,
          8457
        ],
        [
          13329,
          9325,
          1442,
          22174,
          0,
          14985,
          28303,
          3307,
          10459,
          0,
          11258,
          29570,
          16043,
          0,
          27850,
          7664,
          0,
          22564,
          0,
          31281,
          0,
          0,
          0,
          0,
          4330,
          0,
          0,
          0,
          3383,
          0,
          0,
          14460,
          0,
          20158,
          0,
          13592,
          0,
          0,
          1771,
          0,
          0,
          18616,
          0,
          26835,
          0,
          19647,
          0,
          30454,
          0,
          14708,
          0,
          14771,
          27421,
          0,
          5477,
          9165,
          16806,
          17339,
          32115,
          0,
          9867,
          1847,
          4389,
          0,
          6998,
          14184,
          0,
          17467,
          0,
          20684,
          0,
          7457,
          7806,
          0,
          836,
          2155,
          0,
          11394,
          0,
          27569,
          0,
          24861,
          0,
          18508,
          0,
          5905,
          0,
          0,
          31490,
          0,
          0,
          0,
          0,
          28295,
          0,
          0,
          27051,
          0,
          12618,
          0,
          14157,
          0,
          5879,
          0,
          6011,
          0,
          32369,
          22014,
          0,
          4921,
          12724,
          0,
          10692,
          0,
          8623,
          0,
          11941,
          23771,
          0,
          27085,
          1587,
          20258,
          0,
          19108,
          8956,
          31271
        ],
        [
          32601,
          14211,
          16348,
          26727,
          17764,
          0,
          11606,
          27,
          20999,
          21491,
          0,
          19359,
          22127,
          4899,
          0,
          10235,
          10185,
          0,
          1468,
          0,
          0,
          0,
          0,
          0,
          0,
          4330,
          0,
          0,
          0,
          3383,
          0,
          0,
          14460,
          0,
          20158,
          32694,
          0,
          0,
          0,
          1771,
          0,
          0,
          18616,
          0,
          26835,
          32418,
          0,
          0,
          30454,
          0,
          14708,
          29906,
          0,
          27421,
          28154,
          26650,
          9372,
          20279,
          5532,
          22882,
          0,
          13628,
          30050,
          25751,
          0,
          16996,
          15282,
          0,
          12065,
          0,
          0,
          23556,
          16784,
          31913,
          0,
          10885,
          21355,
          0,
          5180,
          0,
          0,
          8177,
          14241,
          0,
          26844,
          0,
          0,
          1259,
          0,
          0,
          0,
          0,
          0,
          0,
          28295,
          0,
          0,
          27051,
          0,
          12618,
          3904,
          0,
          0,
          5879,
          0,
          6011,
          1488,
          0,
          22014,
          12161,
          25516,
          0,
          0,
          10692,
          0,
          8623,
          20476,
          0,
          23771,
          18755,
          11053,
          0,
          20258,
          1588,
          22073,
          17482
        ],
        [
          0,
          30978,
          14133,
          5914,
          331,
          19647,
          3383,
          14460,
          20158,
          32694,
          19157,
          0,
          0,
          0,
          0,
          0,
          0,
          0,
          0,
          0,
          0,
          0,
          0,
          0,
          0,
          0,
          5009,
          21835,
          28303,
          11606,
          19180,
          3307,
          27,
          10459,
          20999,
          21491,
          16026,
          10862,
          23424,
          18538,
          8608,
          31307,
          16401,
          10575,
          6022,
          14985,
          0,
          0,
          0,
          0,
          0,
          0,
          0,
          0,
          0,
          0,
          0,
          0,
          0,
          0,
          0,
          10692,
          8623,
          20476,
          20808,
          23771,
          18755,
          5664,
          11053,
          31162,
          2405,
          26870,
          26738,
          31261,
          32369,
          10735,
          20588,
          4921,
          7233,
          12724,
          30974,
          0,
          0,
          0,
          0,
          0,
          0,
          0,
          0,
          0,
          0,
          0,
          0,
          0,
          0,
          0,
          0,
          0,
          0,
          0,
          0,
          31029,
          25292,
          9193,
          24943,
          15965,
          836,
          30594,
          21864,
          11394,
          27569,
          19680,
          1847,
          13628,
          4389,
          30050,
          25751,
          14184,
          16996,
          15282,
          12065,
          0,
          0,
          0,
          0,
          0
        ],
        [
          1771,
          0,
          2295,
          18041,
          2843,
          14771,
          28419,
          0,
          0,
          0,
          0,
          14460,
          20158,
          32694,
          19157,
          0,
          0,
          0,
          0,
          0,
          0,
          0,
          27740,
          10914,
          4446,
          21143,
          0,
          0,
          0,
          0,
          21063,
          29570,
          19359,
          16043,
          22127,
          4899,
          4534,
          4860,
          13329,
          32601,
          0,
          0,
          0,
          0,
          0,
          0,
          8608,
          31307,
          16401,
          10575,
          6022,
          14985,
          0,
          0,
          0,
          0,
          0,
          22057,
          24126,
          12273,
          11941,
          0,
          0,
          0,
          0,
          20258,
          1588,
          13641,
          22073,
          23793,
          27685,
          27051,
          12618,
          3904,
          18592,
          0,
          0,
          0,
          0,
          0,
          0,
          10735,
          20588,
          4921,
          7233,
          12724,
          30974,
          0,
          0,
          0,
          0,
          0,
          0,
          0,
          0,
          1720,
          7457,
          23556,
          7806,
          16784,
          31913,
          0,
          0,
          0,
          0,
          0,
          0,
          7888,
          24572,
          18508,
          5905,
          20207,
          15410,
          12470,
          634,
          27217,
          9867,
          0,
          0,
          0,
          0,
          14184,
          16996,
          15282,
          12065,
          0
        ],
        [
          18616,
          30454,
          0,
          5328,
          4595,
          5477,
          0,
          28419,
          0,
          0,
          0,
          29366,
          0,
          0,
          0,
          20158,
          32694,
          19157,
          0,
          0,
          0,
          5009,
          0,
          13569,
          29442,
          32722,
          0,
          11686,
          3179,
          13390,
          0,
          0,
          0,
          7664,
          10235,
          10185,
          8265,
          0,
          0,
          0,
          4860,
          13329,
          32601,
          0,
          0,
          0,
          21887,
          9325,
          14211,
          0,
          0,
          0,
          10575,
          6022,
          14985,
          0,
          10692,
          0,
          8978,
          13994,
          27085,
          0,
          12491,
          31161,
          19108,
          0,
          0,
          0,
          17482,
          1478,
          8457,
          4454,
          0,
          0,
          0,
          12618,
          3904,
          18592,
          0,
          0,
          0,
          6011,
          1488,
          380,
          0,
          0,
          0,
          7233,
          12724,
          30974,
          0,
          0,
          31029,
          25292,
          9193,
          0,
          0,
          0,
          2155,
          10885,
          21355,
          0,
          0,
          0,
          24861,
          8177,
          14241,
          0,
          0,
          0,
          31490,
          24866,
          16806,
          9372,
          0,
          0,
          0,
          634,
          27217,
          9867,
          0,
          28360,
          2699,
          6998,
          0,
          12065
        ],
        [
          26835,
          14708,
          27421,
          0,
          6099,
          9165,
          0,
          0,
          28419,
          0,
          0,
          0,
          29366,
          0,
          0,
          18289,
          0,
          0,
          32694,
          19157,
          0,
          21835,
          19180,
          0,
          22290,
          11750,
          21063,
          0,
          16706,
          10622,
          0,
          25085,
          22514,
          0,
          0,
          1468,
          0,
          8265,
          0,
          0,
          28215,
          0,
          0,
          13329,
          32601,
          0,
          16026,
          0,
          0,
          9325,
          14211,
          0,
          1442,
          16348,
          0,
          14985,
          8623,
          23771,
          0,
          21696,
          1587,
          20258,
          0,
          10676,
          8956,
          0,
          15267,
          31271,
          0,
          0,
          23309,
          0,
          4454,
          0,
          0,
          5698,
          0,
          0,
          3904,
          18592,
          0,
          26870,
          0,
          0,
          1488,
          380,
          0,
          12161,
          27828,
          0,
          30974,
          1720,
          0,
          24943,
          15965,
          0,
          30594,
          21864,
          0,
          0,
          5180,
          0,
          7888,
          24572,
          0,
          0,
          26844,
          0,
          0,
          1259,
          0,
          28260,
          0,
          0,
          16806,
          9372,
          0,
          17339,
          20279,
          0,
          9867,
          1847,
          13628,
          0,
          6998,
          17467
        ],
        [
          32418,
          29906,
          28154,
          26650,
          0,
          16912,
          0,
          0,
          0,
          28419,
          0,
          0,
          0,
          29366,
          0,
          0,
          18289,
          0,
          12591,
          0,
          19157,
          28303,
          3307,
          10459,
          0,
          11258,
          29570,
          16043,
          0,
          27850,
          7664,
          0,
          22564,
          0,
          31281,
          0,
          0,
          0,
          8265,
          0,
          0,
          28215,
          0,
          27889,
          0,
          32601,
          0,
          16026,
          0,
          10862,
          0,
          14211,
          8608,
          0,
          16348,
          26727,
          20476,
          18755,
          11053,
          0,
          30344,
          1588,
          22073,
          0,
          5064,
          17482,
          0,
          24292,
          0,
          9440,
          0,
          0,
          0,
          4454,
          0,
          0,
          5698,
          0,
          20131,
          0,
          18592,
          0,
          26870,
          0,
          26738,
          0,
          380,
          10735,
          0,
          27828,
          20025,
          7457,
          7806,
          0,
          836,
          2155,
          0,
          11394,
          0,
          27569,
          0,
          24861,
          0,
          18508,
          0,
          5905,
          0,
          0,
          31490,
          0,
          0,
          0,
          28260,
          0,
          7883,
          0,
          9372,
          20207,
          0,
          20279,
          5532,
          13069,
          0,
          13628,
          30050,
          16996
        ],
        [
          13102,
          17978,
          27272,
          23584,
          15837,
          0,
          0,
          0,
          0,
          0,
          28419,
          0,
          0,
          0,
          29366,
          0,
          0,
          18289,
          0,
          12591,
          55,
          11606,
          27,
          20999,
          21491,
          0,
          19359,
          22127,
          4899,
          0,
          10235,
          10185,
          0,
          1468,
          0,
          0,
          0,
          0,
          0,
          8265,
          0,
          0,
          28215,
          0,
          27889,
          19420,
          0,
          0,
          16026,
          0,
          10862,
          23424,
          0,
          8608,
          31307,
          10575,
          20808,
          5664,
          31162,
          2405,
          0,
          13641,
          23793,
          27685,
          0,
          1478,
          8457,
          0,
          23309,
          0,
          0,
          0,
          0,
          0,
          4454,
          0,
          0,
          5698,
          0,
          20131,
          28845,
          0,
          0,
          26870,
          0,
          26738,
          31261,
          0,
          10735,
          20588,
          7233,
          23556,
          16784,
          31913,
          0,
          10885,
          21355,
          0,
          5180,
          0,
          0,
          8177,
          14241,
          0,
          26844,
          0,
          0,
          1259,
          0,
          0,
          0,
          0,
          0,
          28260,
          0,
          7883,
          15943,
          0,
          20207,
          15410,
          634,
          0,
          13069,
          30902,
          28360,
          18565
        ],
        [
          29366,
          4330,
          0,
          0,
          0,
          0,
          0,
          2295,
          18041,
          2843,
          14771,
          18616,
          26835,
          32418,
          13102,
          0,
          0,
          0,
          0,
          0,
          0,
          0,
          16723,
          21887,
          9325,
          14211,
          28215,
          27889,
          19420,
          148,
          0,
          0,
          0,
          0,
          0,
          0,
          0,
          0,
          0,
          0,
          21063,
          29570,
          19359,
          16043,
          22127,
          4899,
          13569,
          29442,
          32722,
          22290,
          11750,
          11258,
          0,
          0,
          0,
          0,
          0,
          5879,
          6011,
          1488,
          380,
          5698,
          20131,
          28845,
          14157,
          0,
          0,
          0,
          0,
          0,
          0,
          0,
          0,
          0,
          0,
          20258,
          1588,
          13641,
          22073,
          23793,
          27685,
          8978,
          13994,
          27085,
          21696,
          1587,
          30344,
          0,
          0,
          0,
          0,
          0,
          0,
          0,
          0,
          13069,
          30902,
          19121,
          28360,
          2699,
          6998,
          12542,
          17339,
          20279,
          32115,
          5532,
          22882,
          0,
          0,
          0,
          0,
          0,
          0,
          0,
          0,
          0,
          0,
          7888,
          24572,
          18508,
          5905,
          2155,
          10885,
          21355,
          5180,
          0
        ],
        [
          18289,
          0,
          4330,
          0,
          0,
          0,
          30454,
          0,
          5328,
          4595,
          5477,
          30978,
          0,
          0,
          0,
          26835,
          32418,
          13102,
          0,
          0,
          0,
          16026,
          0,
          24141,
          1442,
          16348,
          24484,
          0,
          0,
          0,
          27889,
          19420,
          148,
          0,
          0,
          0,
          0,
          11686,
          3179,
          13390,
          0,
          0,
          0,
          7664,
          10235,
          10185,
          21835,
          28303,
          11606,
          0,
          0,
          0,
          22290,
          11750,
          11258,
          0,
          26870,
          0,
          22014,
          12161,
          27828,
          28295,
          0,
          0,
          0,
          20131,
          28845,
          14157,
          0,
          0,
          0,
          0,
          12491,
          31161,
          19108,
          0,
          0,
          0,
          17482,
          1478,
          8457,
          8623,
          20476,
          20808,
          0,
          0,
          0,
          21696,
          1587,
          30344,
          0,
          0,
          19680,
          1847,
          13628,
          0,
          0,
          0,
          18565,
          15753,
          17467,
          7883,
          15943,
          23377,
          0,
          0,
          0,
          32115,
          5532,
          22882,
          0,
          0,
          0,
          0,
          24861,
          8177,
          14241,
          0,
          0,
          0,
          31490,
          24943,
          15965,
          836,
          0,
          5180
        ],
        [
          12591,
          0,
          0,
          4330,
          0,
          0,
          14708,
          27421,
          0,
          6099,
          9165,
          0,
          30978,
          0,
          0,
          14133,
          0,
          0,
          32418,
          13102,
          0,
          10862,
          8608,
          0,
          22174,
          26727,
          0,
          24484,
          0,
          0,
          4534,
          0,
          0,
          19420,
          148,
          0,
          21063,
          0,
          16706,
          10622,
          0,
          25085,
          22514,
          0,
          0,
          1468,
          27740,
          0,
          0,
          28303,
          11606,
          0,
          3307,
          27,
          0,
          11258,
          26738,
          10735,
          0,
          25516,
          20025,
          0,
          28295,
          0,
          0,
          27051,
          0,
          0,
          28845,
          14157,
          0,
          20258,
          0,
          10676,
          8956,
          0,
          15267,
          31271,
          0,
          0,
          23309,
          22057,
          0,
          0,
          20476,
          20808,
          0,
          18755,
          5664,
          0,
          30344,
          13069,
          0,
          4389,
          30050,
          0,
          14184,
          16996,
          0,
          0,
          20684,
          4489,
          0,
          0,
          15943,
          23377,
          0,
          15410,
          12470,
          0,
          22882,
          0,
          7888,
          24572,
          0,
          0,
          26844,
          0,
          0,
          1259,
          0,
          7457,
          23556,
          0,
          836,
          11394
        ],
        [
          55,
          0,
          0,
          0,
          4330,
          0,
          29906,
          28154,
          26650,
          0,
          16912,
          0,
          0,
          30978,
          0,
          0,
          14133,
          0,
          5914,
          0,
          13102,
          23424,
          31307,
          10575,
          0,
          17764,
          0,
          0,
          24484,
          0,
          0,
          4534,
          0,
          4860,
          0,
          148,
          29570,
          16043,
          0,
          27850,
          7664,
          0,
          22564,
          0,
          31281,
          0,
          0,
          27740,
          0,
          10914,
          0,
          11606,
          13569,
          0,
          27,
          20999,
          31261,
          20588,
          7233,
          0,
          1775,
          0,
          0,
          28295,
          0,
          0,
          27051,
          0,
          12618,
          0,
          14157,
          1588,
          22073,
          0,
          5064,
          17482,
          0,
          24292,
          0,
          9440,
          0,
          0,
          22057,
          0,
          24126,
          0,
          20808,
          8978,
          0,
          5664,
          31162,
          30902,
          28360,
          0,
          25751,
          18565,
          0,
          15282,
          0,
          12065,
          0,
          0,
          4489,
          0,
          24866,
          0,
          23377,
          12542,
          0,
          12470,
          27217,
          24861,
          0,
          18508,
          0,
          5905,
          0,
          0,
          31490,
          0,
          0,
          31029,
          0,
          23556,
          16784,
          10885
        ],
        [
          13592,
          0,
          0,
          0,
          0,
          4330,
          17978,
          27272,
          23584,
          15837,
          0,
          0,
          0,
          0,
          30978,
          0,
          0,
          14133,
          0,
          5914,
          331,
          18538,
          16401,
          6022,
          14985,
          0,
          0,
          0,
          0,
          24484,
          0,
          0,
          4534,
          0,
          4860,
          13329,
          19359,
          22127,
          4899,
          0,
          10235,
          10185,
          0,
          1468,
          0,
          0,
          0,
          0,
          27740,
          0,
          10914,
          4446,
          0,
          13569,
          29442,
          22290,
          32369,
          4921,
          12724,
          30974,
          0,
          0,
          0,
          0,
          28295,
          0,
          0,
          27051,
          0,
          12618,
          3904,
          13641,
          23793,
          27685,
          0,
          1478,
          8457,
          0,
          23309,
          0,
          0,
          0,
          0,
          22057,
          0,
          24126,
          12273,
          0,
          8978,
          13994,
          21696,
          19121,
          2699,
          6998,
          0,
          15753,
          17467,
          0,
          20684,
          0,
          0,
          0,
          0,
          4489,
          0,
          24866,
          16806,
          0,
          12542,
          17339,
          32115,
          8177,
          14241,
          0,
          26844,
          0,
          0,
          1259,
          0,
          0,
          0,
          0,
          31029,
          25292,
          24943,
          30594
        ],
        [
          0,
          18289,
          3383,
          0,
          0,
          0,
          14133,
          1771,
          0,
          0,
          0,
          0,
          5328,
          4595,
          5477,
          14708,
          29906,
          17978,
          0,
          0,
          0,
          4534,
          8265,
          0,
          0,
          0,
          0,
          24141,
          1442,
          16348,
          10862,
          23424,
          18538,
          0,
          0,
          0,
          0,
          19180,
          3307,
          27,
          10914,
          4446,
          21143,
          0,
          0,
          0,
          0,
          0,
          0,
          7664,
          10235,
          10185,
          16706,
          10622,
          27850,
          0,
          27051,
          4454,
          0,
          0,
          0,
          0,
          22014,
          12161,
          27828,
          26738,
          31261,
          32369,
          0,
          0,
          0,
          0,
          23771,
          18755,
          5664,
          24126,
          12273,
          11941,
          0,
          0,
          0,
          0,
          0,
          0,
          17482,
          1478,
          8457,
          10676,
          8956,
          5064,
          0,
          0,
          20207,
          15410,
          12470,
          24866,
          16806,
          9372,
          0,
          0,
          0,
          0,
          0,
          0,
          18565,
          15753,
          17467,
          4389,
          30050,
          25751,
          0,
          0,
          0,
          0,
          30594,
          21864,
          11394,
          7806,
          16784,
          31913,
          0,
          0,
          0,
          0,
          31490,
          26844
        ],
        [
          0,
          12591,
          0,
          3383,
          0,
          0,
          5914,
          0,
          1771,
          0,
          0,
          27421,
          0,
          6099,
          9165,
          2295,
          0,
          0,
          29906,
          17978,
          0,
          4860,
          0,
          8265,
          0,
          0,
          8608,
          0,
          22174,
          26727,
          16723,
          0,
          0,
          23424,
          18538,
          0,
          13569,
          0,
          10459,
          20999,
          5009,
          0,
          0,
          4446,
          21143,
          0,
          0,
          25085,
          22514,
          0,
          0,
          1468,
          29570,
          19359,
          0,
          27850,
          12618,
          0,
          4454,
          0,
          0,
          10735,
          0,
          25516,
          20025,
          5879,
          0,
          0,
          31261,
          32369,
          0,
          8978,
          0,
          11053,
          31162,
          10692,
          0,
          0,
          12273,
          11941,
          0,
          0,
          15267,
          31271,
          0,
          0,
          23309,
          1588,
          13641,
          0,
          5064,
          12542,
          0,
          634,
          27217,
          28260,
          0,
          0,
          16806,
          9372,
          0,
          0,
          14184,
          16996,
          0,
          0,
          20684,
          30902,
          19121,
          0,
          25751,
          0,
          2155,
          10885,
          0,
          0,
          27569,
          25292,
          9193,
          0,
          31913,
          0,
          0,
          1259,
          0,
          18508
        ],
        [
          0,
          55,
          0,
          0,
          3383,
          0,
          331,
          0,
          0,
          1771,
          0,
          28154,
          26650,
          0,
          16912,
          0,
          2295,
          0,
          18041,
          0,
          17978,
          13329,
          0,
          0,
          8265,
          0,
          31307,
          10575,
          0,
          17764,
          0,
          16723,
          0,
          21887,
          0,
          18538,
          29442,
          22290,
          0,
          21491,
          0,
          5009,
          0,
          21835,
          0,
          21143,
          7664,
          0,
          22564,
          0,
          31281,
          0,
          11686,
          0,
          19359,
          22127,
          3904,
          0,
          0,
          4454,
          0,
          20588,
          7233,
          0,
          1775,
          0,
          5879,
          0,
          6011,
          0,
          32369,
          13994,
          21696,
          0,
          2405,
          0,
          10692,
          0,
          8623,
          0,
          11941,
          17482,
          0,
          24292,
          0,
          9440,
          0,
          12491,
          0,
          13641,
          23793,
          17339,
          32115,
          0,
          9867,
          0,
          28260,
          0,
          7883,
          0,
          9372,
          18565,
          0,
          15282,
          0,
          12065,
          0,
          19680,
          0,
          19121,
          2699,
          30594,
          0,
          21355,
          0,
          5180,
          0,
          1720,
          0,
          9193,
          15965,
          0,
          31490,
          0,
          0,
          8177
        ],
        [
          0,
          13592,
          0,
          0,
          0,
          3383,
          19647,
          0,
          0,
          0,
          1771,
          27272,
          23584,
          15837,
          0,
          0,
          0,
          2295,
          0,
          18041,
          2843,
          32601,
          0,
          0,
          0,
          8265,
          16401,
          6022,
          14985,
          0,
          0,
          0,
          16723,
          0,
          21887,
          9325,
          32722,
          11750,
          11258,
          0,
          0,
          0,
          5009,
          0,
          21835,
          28303,
          10235,
          10185,
          0,
          1468,
          0,
          0,
          0,
          11686,
          3179,
          16706,
          18592,
          0,
          0,
          0,
          4454,
          4921,
          12724,
          30974,
          0,
          0,
          0,
          5879,
          0,
          6011,
          1488,
          27085,
          1587,
          30344,
          0,
          0,
          0,
          10692,
          0,
          8623,
          20476,
          1478,
          8457,
          0,
          23309,
          0,
          0,
          0,
          12491,
          31161,
          10676,
          20279,
          5532,
          22882,
          0,
          0,
          0,
          28260,
          0,
          7883,
          15943,
          15753,
          17467,
          0,
          20684,
          0,
          0,
          0,
          19680,
          1847,
          4389,
          21864,
          11394,
          0,
          27569,
          0,
          0,
          0,
          1720,
          7457,
          7806,
          1259,
          0,
          0,
          0,
          7888
        ],
        [
          0,
          0,
          12591,
          14460,
          0,
          0,
          0,
          5914,
          18616,
          0,
          0,
          18041,
          30454,
          0,
          0,
          0,
          6099,
          9165,
          28154,
          27272,
          0,
          0,
          4860,
          28215,
          0,
          0,
          21887,
          16026,
          0,
          0,
          0,
          22174,
          26727,
          31307,
          16401,
          0,
          21835,
          27740,
          0,
          0,
          0,
          10459,
          20999,
          29442,
          32722,
          0,
          0,
          16043,
          22127,
          3179,
          13390,
          0,
          0,
          0,
          1468,
          22564,
          0,
          12618,
          5698,
          0,
          0,
          6011,
          26870,
          0,
          0,
          0,
          25516,
          20025,
          20588,
          4921,
          0,
          8623,
          22057,
          0,
          0,
          0,
          11053,
          31162,
          13994,
          27085,
          0,
          0,
          22073,
          23793,
          31161,
          19108,
          0,
          0,
          0,
          23309,
          24292,
          7883,
          4489,
          0,
          0,
          0,
          634,
          27217,
          17339,
          20279,
          0,
          0,
          28360,
          2699,
          1847,
          13628,
          0,
          0,
          0,
          20684,
          15282,
          0,
          24943,
          15965,
          7457,
          23556,
          0,
          0,
          0,
          27569,
          21355,
          0,
          0,
          5905,
          14241,
          0
        ],
        [
          0,
          0,
          55,
          0,
          14460,
          0,
          0,
          331,
          0,
          18616,
          0,
          2843,
          0,
          30454,
          0,
          26650,
          0,
          16912,
          5328,
          0,
          27272,
          0,
          13329,
          0,
          28215,
          0,
          9325,
          0,
          16026,
          0,
          10575,
          0,
          17764,
          24141,
          0,
          16401,
          28303,
          0,
          27740,
          0,
          22290,
          0,
          21491,
          19180,
          0,
          32722,
          16706,
          0,
          4899,
          21063,
          0,
          13390,
          0,
          31281,
          0,
          10235,
          0,
          3904,
          0,
          5698,
          0,
          1488,
          0,
          26870,
          0,
          7233,
          0,
          1775,
          22014,
          0,
          4921,
          20476,
          0,
          22057,
          0,
          21696,
          0,
          2405,
          23771,
          0,
          27085,
          10676,
          0,
          27685,
          20258,
          0,
          19108,
          0,
          9440,
          0,
          1478,
          15943,
          0,
          4489,
          0,
          32115,
          0,
          9867,
          20207,
          0,
          20279,
          4389,
          0,
          6998,
          13069,
          0,
          13628,
          0,
          12065,
          0,
          15753,
          7806,
          0,
          836,
          31029,
          0,
          23556,
          0,
          5180,
          0,
          21864,
          0,
          26844,
          0,
          24572,
          0
        ],
        [
          0,
          0,
          13592,
          0,
          0,
          14460,
          0,
          19647,
          0,
          0,
          18616,
          14771,
          0,
          0,
          30454,
          23584,
          15837,
          0,
          0,
          5328,
          4595,
          0,
          32601,
          0,
          0,
          28215,
          14211,
          0,
          0,
          16026,
          6022,
          14985,
          0,
          0,
          24141,
          1442,
          11606,
          0,
          0,
          27740,
          11750,
          11258,
          0,
          0,
          19180,
          3307,
          10622,
          27850,
          0,
          0,
          21063,
          29570,
          1468,
          0,
          0,
          25085,
          0,
          18592,
          0,
          0,
          5698,
          380,
          0,
          0,
          26870,
          12724,
          30974,
          0,
          0,
          22014,
          12161,
          20808,
          0,
          0,
          22057,
          1587,
          30344,
          0,
          0,
          23771,
          18755,
          8956,
          5064,
          0,
          0,
          20258,
          1588,
          23309,
          0,
          0,
          15267,
          23377,
          0,
          0,
          4489,
          5532,
          22882,
          0,
          0,
          20207,
          15410,
          30050,
          25751,
          0,
          0,
          13069,
          30902,
          20684,
          0,
          0,
          14184,
          16784,
          31913,
          0,
          0,
          31029,
          25292,
          27569,
          0,
          0,
          2155,
          5905,
          0,
          0,
          24861,
          0
        ],
        [
          0,
          0,
          0,
          55,
          20158,
          0,
          0,
          0,
          331,
          26835,
          0,
          0,
          2843,
          14708,
          0,
          4595,
          27421,
          0,
          0,
          16912,
          23584,
          0,
          0,
          13329,
          27889,
          0,
          0,
          9325,
          10862,
          0,
          1442,
          8608,
          0,
          0,
          17764,
          6022,
          0,
          28303,
          10914,
          0,
          3307,
          13569,
          0,
          0,
          21491,
          11750,
          29570,
          11686,
          0,
          0,
          4899,
          10622,
          0,
          10185,
          22514,
          0,
          0,
          0,
          3904,
          20131,
          0,
          0,
          1488,
          26738,
          0,
          12161,
          10735,
          0,
          0,
          1775,
          12724,
          0,
          20476,
          24126,
          0,
          18755,
          8978,
          0,
          0,
          2405,
          1587,
          1588,
          12491,
          0,
          0,
          27685,
          8956,
          0,
          8457,
          31271,
          0,
          0,
          15943,
          24866,
          0,
          15410,
          12542,
          0,
          0,
          9867,
          5532,
          30902,
          19680,
          0,
          0,
          6998,
          30050,
          0,
          17467,
          16996,
          0,
          25292,
          1720,
          0,
          0,
          836,
          16784,
          0,
          11394,
          10885,
          0,
          0,
          18508,
          8177,
          0,
          0
        ],
        [
          0,
          0,
          0,
          13592,
          0,
          20158,
          0,
          0,
          19647,
          0,
          26835,
          0,
          14771,
          0,
          14708,
          5477,
          0,
          27421,
          15837,
          0,
          6099,
          0,
          0,
          32601,
          0,
          27889,
          0,
          14211,
          0,
          10862,
          16348,
          0,
          8608,
          14985,
          0,
          22174,
          0,
          11606,
          0,
          10914,
          27,
          0,
          13569,
          11258,
          0,
          10459,
          19359,
          0,
          11686,
          27850,
          0,
          16043,
          22564,
          0,
          7664,
          0,
          0,
          0,
          18592,
          0,
          20131,
          0,
          380,
          0,
          26738,
          27828,
          0,
          10735,
          30974,
          0,
          25516,
          0,
          20808,
          0,
          24126,
          5664,
          0,
          8978,
          30344,
          0,
          11053,
          13641,
          0,
          12491,
          5064,
          0,
          22073,
          24292,
          0,
          17482,
          0,
          0,
          23377,
          0,
          24866,
          12470,
          0,
          12542,
          22882,
          0,
          634,
          19121,
          0,
          19680,
          25751,
          0,
          28360,
          15282,
          0,
          18565,
          0,
          9193,
          0,
          1720,
          31913,
          0,
          24943,
          21355,
          0,
          30594,
          0,
          14241,
          0,
          7888,
          0,
          0
        ],
        [
          0,
          0,
          0,
          0,
          13592,
          32694,
          0,
          0,
          0,
          19647,
          32418,
          0,
          0,
          14771,
          29906,
          0,
          5477,
          28154,
          9165,
          26650,
          0,
          0,
          0,
          0,
          32601,
          19420,
          0,
          0,
          14211,
          23424,
          0,
          16348,
          31307,
          26727,
          10575,
          0,
          0,
          0,
          11606,
          4446,
          0,
          27,
          29442,
          20999,
          22290,
          0,
          0,
          19359,
          3179,
          22127,
          16706,
          0,
          10235,
          25085,
          0,
          0,
          0,
          0,
          0,
          18592,
          28845,
          0,
          0,
          380,
          31261,
          0,
          27828,
          20588,
          20025,
          7233,
          0,
          0,
          0,
          20808,
          12273,
          0,
          5664,
          13994,
          31162,
          21696,
          0,
          0,
          13641,
          31161,
          23793,
          10676,
          0,
          1478,
          15267,
          0,
          0,
          0,
          0,
          23377,
          16806,
          0,
          12470,
          17339,
          27217,
          32115,
          0,
          0,
          19121,
          1847,
          2699,
          4389,
          0,
          15753,
          14184,
          0,
          0,
          0,
          9193,
          7457,
          15965,
          7806,
          0,
          21864,
          2155,
          0,
          0,
          24572,
          24861,
          0,
          0,
          0
        ]
      ],
      "minor_coordinate_indices": [
        0,
        1,
        2,
        3,
        4,
        5,
        6,
        7,
        8,
        9,
        10,
        11,
        12,
        13,
        14,
        15,
        16,
        17,
        18,
        19,
        20,
        21,
        22,
        23,
        24,
        25,
        26,
        27,
        28,
        29,
        30,
        31,
        32,
        33,
        34,
        35,
        36,
        37,
        38,
        39,
        40,
        41,
        42,
        43,
        56
      ],
      "minor_45x45": [
        [
          0,
          0,
          0,
          0,
          0,
          0,
          0,
          0,
          0,
          0,
          0,
          0,
          0,
          0,
          0,
          0,
          0,
          0,
          0,
          0,
          0,
          0,
          0,
          0,
          0,
          0,
          0,
          0,
          0,
          0,
          0,
          0,
          0,
          0,
          0,
          0,
          0,
          0,
          0,
          0,
          0,
          0,
          0,
          0,
          31490
        ],
        [
          0,
          0,
          0,
          0,
          0,
          0,
          0,
          0,
          0,
          0,
          0,
          0,
          0,
          0,
          0,
          0,
          0,
          0,
          0,
          0,
          0,
          1259,
          5905,
          14241,
          24572,
          24861,
          5180,
          11394,
          10885,
          30594,
          31913,
          15965,
          7806,
          23556,
          25292,
          1720,
          20684,
          15282,
          15753,
          14184,
          6998,
          30050,
          28360,
          19121,
          0
        ],
        [
          0,
          0,
          0,
          0,
          0,
          0,
          31490,
          26844,
          18508,
          8177,
          7888,
          27569,
          21355,
          21864,
          2155,
          836,
          16784,
          24943,
          9193,
          7457,
          31029,
          0,
          0,
          0,
          0,
          0,
          0,
          0,
          0,
          0,
          0,
          0,
          0,
          0,
          0,
          0,
          9440,
          8457,
          31271,
          17482,
          5064,
          23793,
          10676,
          19108,
          0
        ],
        [
          0,
          1259,
          5905,
          14241,
          24572,
          24861,
          0,
          0,
          0,
          0,
          0,
          12065,
          17467,
          16996,
          18565,
          25751,
          2699,
          4389,
          13628,
          30902,
          19680,
          0,
          0,
          0,
          0,
          0,
          23309,
          24292,
          1478,
          15267,
          27685,
          8956,
          22073,
          13641,
          31161,
          20258,
          0,
          0,
          0,
          0,
          0,
          0,
          0,
          0,
          0
        ],
        [
          31490,
          0,
          5180,
          11394,
          10885,
          30594,
          0,
          20684,
          15282,
          15753,
          14184,
          0,
          0,
          0,
          0,
          9867,
          5532,
          634,
          12470,
          17339,
          20207,
          0,
          9440,
          8457,
          31271,
          17482,
          0,
          0,
          0,
          0,
          30344,
          31162,
          21696,
          27085,
          18755,
          8978,
          0,
          0,
          0,
          0,
          1775,
          12724,
          25516,
          27828,
          0
        ],
        [
          26844,
          27569,
          0,
          31913,
          15965,
          7806,
          12065,
          0,
          6998,
          30050,
          28360,
          0,
          22882,
          27217,
          32115,
          0,
          0,
          0,
          9372,
          15943,
          24866,
          23309,
          0,
          5064,
          23793,
          10676,
          0,
          2405,
          1587,
          11053,
          0,
          0,
          0,
          20808,
          12273,
          8623,
          0,
          30974,
          20025,
          7233,
          0,
          0,
          0,
          32369,
          31281
        ],
        [
          18508,
          21355,
          836,
          0,
          23556,
          25292,
          17467,
          25751,
          0,
          19121,
          1847,
          9867,
          0,
          20279,
          15410,
          0,
          23377,
          16806,
          0,
          0,
          28260,
          24292,
          27685,
          0,
          19108,
          1588,
          30344,
          0,
          5664,
          13994,
          0,
          11941,
          20476,
          0,
          0,
          22057,
          1775,
          0,
          4921,
          12161,
          0,
          380,
          31261,
          0,
          10185
        ],
        [
          8177,
          21864,
          16784,
          9193,
          0,
          1720,
          16996,
          2699,
          13628,
          0,
          13069,
          5532,
          12470,
          0,
          12542,
          9372,
          0,
          7883,
          0,
          4489,
          0,
          1478,
          8956,
          13641,
          0,
          12491,
          31162,
          27085,
          0,
          23771,
          20808,
          0,
          24126,
          0,
          10692,
          0,
          12724,
          27828,
          0,
          10735,
          32369,
          0,
          6011,
          0,
          22514
        ],
        [
          7888,
          2155,
          24943,
          7457,
          31029,
          0,
          18565,
          4389,
          30902,
          19680,
          0,
          634,
          17339,
          20207,
          0,
          15943,
          24866,
          0,
          28260,
          0,
          0,
          15267,
          22073,
          31161,
          20258,
          0,
          21696,
          18755,
          8978,
          0,
          12273,
          8623,
          0,
          22057,
          0,
          0,
          25516,
          20588,
          22014,
          0,
          1488,
          26738,
          0,
          5879,
          7664
        ],
        [
          0,
          0,
          0,
          0,
          0,
          0,
          0,
          0,
          0,
          0,
          0,
          0,
          0,
          0,
          0,
          0,
          0,
          0,
          0,
          0,
          0,
          28295,
          27051,
          12618,
          3904,
          18592,
          5879,
          6011,
          1488,
          380,
          22014,
          12161,
          27828,
          25516,
          20025,
          1775,
          10692,
          8623,
          20476,
          20808,
          23771,
          18755,
          5664,
          11053,
          8265
        ],
        [
          0,
          0,
          0,
          0,
          0,
          0,
          4454,
          5698,
          20131,
          28845,
          14157,
          26870,
          26738,
          31261,
          32369,
          10735,
          20588,
          4921,
          7233,
          12724,
          30974,
          0,
          0,
          0,
          0,
          0,
          0,
          0,
          0,
          0,
          0,
          0,
          0,
          0,
          0,
          0,
          28260,
          7883,
          15943,
          23377,
          20207,
          15410,
          12470,
          634,
          30978
        ],
        [
          0,
          28295,
          27051,
          12618,
          3904,
          18592,
          0,
          0,
          0,
          0,
          0,
          22057,
          24126,
          12273,
          11941,
          8978,
          13994,
          27085,
          21696,
          1587,
          30344,
          0,
          0,
          0,
          0,
          0,
          4489,
          24866,
          16806,
          9372,
          12542,
          17339,
          20279,
          32115,
          5532,
          22882,
          0,
          0,
          0,
          0,
          0,
          0,
          0,
          0,
          3383
        ],
        [
          4454,
          0,
          5879,
          6011,
          1488,
          380,
          0,
          10692,
          8623,
          20476,
          20808,
          0,
          0,
          0,
          0,
          12491,
          31161,
          19108,
          10676,
          8956,
          5064,
          0,
          28260,
          7883,
          15943,
          23377,
          0,
          0,
          0,
          0,
          19680,
          1847,
          13628,
          4389,
          30050,
          25751,
          0,
          0,
          0,
          0,
          1720,
          7457,
          23556,
          7806,
          28419
        ],
        [
          5698,
          26870,
          0,
          22014,
          12161,
          27828,
          22057,
          0,
          23771,
          18755,
          5664,
          0,
          20258,
          1588,
          13641,
          0,
          0,
          0,
          15267,
          31271,
          24292,
          4489,
          0,
          20207,
          15410,
          12470,
          0,
          13069,
          30902,
          19121,
          0,
          0,
          0,
          14184,
          16996,
          15282,
          0,
          31029,
          25292,
          9193,
          0,
          0,
          0,
          2155,
          0
        ],
        [
          20131,
          26738,
          10735,
          0,
          25516,
          20025,
          24126,
          8978,
          0,
          11053,
          31162,
          12491,
          0,
          22073,
          23793,
          0,
          17482,
          1478,
          0,
          0,
          9440,
          24866,
          12542,
          0,
          634,
          27217,
          19680,
          0,
          28360,
          2699,
          0,
          18565,
          15753,
          0,
          0,
          12065,
          1720,
          0,
          24943,
          15965,
          0,
          30594,
          21864,
          0,
          0
        ],
        [
          28845,
          31261,
          20588,
          7233,
          0,
          1775,
          12273,
          13994,
          21696,
          0,
          2405,
          31161,
          10676,
          0,
          27685,
          15267,
          0,
          8457,
          0,
          23309,
          0,
          16806,
          17339,
          32115,
          0,
          9867,
          1847,
          4389,
          0,
          6998,
          14184,
          0,
          17467,
          0,
          20684,
          0,
          7457,
          7806,
          0,
          836,
          2155,
          0,
          11394,
          0,
          0
        ],
        [
          14157,
          32369,
          4921,
          12724,
          30974,
          0,
          11941,
          27085,
          1587,
          30344,
          0,
          19108,
          8956,
          5064,
          0,
          31271,
          24292,
          0,
          9440,
          0,
          0,
          9372,
          20279,
          5532,
          22882,
          0,
          13628,
          30050,
          25751,
          0,
          16996,
          15282,
          0,
          12065,
          0,
          0,
          23556,
          16784,
          31913,
          0,
          10885,
          21355,
          0,
          5180,
          0
        ],
        [
          0,
          0,
          0,
          0,
          0,
          0,
          24484,
          4534,
          4860,
          13329,
          32601,
          16723,
          21887,
          9325,
          14211,
          24141,
          1442,
          16348,
          22174,
          26727,
          17764,
          1771,
          18616,
          26835,
          32418,
          13102,
          30454,
          14708,
          29906,
          17978,
          27421,
          28154,
          27272,
          26650,
          23584,
          15837,
          0,
          0,
          0,
          0,
          0,
          0,
          0,
          0,
          0
        ],
        [
          0,
          8265,
          28215,
          27889,
          19420,
          148,
          0,
          0,
          0,
          0,
          0,
          5009,
          21835,
          28303,
          11606,
          19180,
          3307,
          27,
          10459,
          20999,
          21491,
          29366,
          18289,
          12591,
          55,
          13592,
          0,
          0,
          0,
          0,
          0,
          0,
          0,
          0,
          0,
          0,
          30454,
          14708,
          29906,
          17978,
          27421,
          28154,
          27272,
          26650,
          0
        ],
        [
          24484,
          0,
          16026,
          10862,
          23424,
          18538,
          0,
          27740,
          10914,
          4446,
          21143,
          0,
          0,
          0,
          0,
          21063,
          29570,
          19359,
          16043,
          22127,
          4899,
          4330,
          0,
          0,
          0,
          0,
          18289,
          12591,
          55,
          13592,
          0,
          0,
          0,
          0,
          0,
          0,
          14133,
          5914,
          331,
          19647,
          0,
          0,
          0,
          0,
          0
        ],
        [
          4534,
          16723,
          0,
          8608,
          31307,
          16401,
          5009,
          0,
          13569,
          29442,
          32722,
          0,
          11686,
          3179,
          13390,
          0,
          0,
          0,
          7664,
          10235,
          10185,
          0,
          4330,
          0,
          0,
          0,
          3383,
          0,
          0,
          0,
          12591,
          55,
          13592,
          0,
          0,
          0,
          1771,
          0,
          0,
          0,
          5914,
          331,
          19647,
          0,
          4489
        ],
        [
          4860,
          21887,
          24141,
          0,
          10575,
          6022,
          21835,
          19180,
          0,
          22290,
          11750,
          21063,
          0,
          16706,
          10622,
          0,
          25085,
          22514,
          0,
          0,
          1468,
          0,
          0,
          4330,
          0,
          0,
          0,
          3383,
          0,
          0,
          14460,
          0,
          0,
          55,
          13592,
          0,
          0,
          1771,
          0,
          0,
          18616,
          0,
          0,
          331,
          24866
        ],
        [
          13329,
          9325,
          1442,
          22174,
          0,
          14985,
          28303,
          3307,
          10459,
          0,
          11258,
          29570,
          16043,
          0,
          27850,
          7664,
          0,
          22564,
          0,
          31281,
          0,
          0,
          0,
          0,
          4330,
          0,
          0,
          0,
          3383,
          0,
          0,
          14460,
          0,
          20158,
          0,
          13592,
          0,
          0,
          1771,
          0,
          0,
          18616,
          0,
          26835,
          16806
        ],
        [
          32601,
          14211,
          16348,
          26727,
          17764,
          0,
          11606,
          27,
          20999,
          21491,
          0,
          19359,
          22127,
          4899,
          0,
          10235,
          10185,
          0,
          1468,
          0,
          0,
          0,
          0,
          0,
          0,
          4330,
          0,
          0,
          0,
          3383,
          0,
          0,
          14460,
          0,
          20158,
          32694,
          0,
          0,
          0,
          1771,
          0,
          0,
          18616,
          0,
          9372
        ],
        [
          0,
          30978,
          14133,
          5914,
          331,
          19647,
          3383,
          14460,
          20158,
          32694,
          19157,
          0,
          0,
          0,
          0,
          0,
          0,
          0,
          0,
          0,
          0,
          0,
          0,
          0,
          0,
          0,
          5009,
          21835,
          28303,
          11606,
          19180,
          3307,
          27,
          10459,
          20999,
          21491,
          16026,
          10862,
          23424,
          18538,
          8608,
          31307,
          16401,
          10575,
          0
        ],
        [
          1771,
          0,
          2295,
          18041,
          2843,
          14771,
          28419,
          0,
          0,
          0,
          0,
          14460,
          20158,
          32694,
          19157,
          0,
          0,
          0,
          0,
          0,
          0,
          0,
          27740,
          10914,
          4446,
          21143,
          0,
          0,
          0,
          0,
          21063,
          29570,
          19359,
          16043,
          22127,
          4899,
          4534,
          4860,
          13329,
          32601,
          0,
          0,
          0,
          0,
          0
        ],
        [
          18616,
          30454,
          0,
          5328,
          4595,
          5477,
          0,
          28419,
          0,
          0,
          0,
          29366,
          0,
          0,
          0,
          20158,
          32694,
          19157,
          0,
          0,
          0,
          5009,
          0,
          13569,
          29442,
          32722,
          0,
          11686,
          3179,
          13390,
          0,
          0,
          0,
          7664,
          10235,
          10185,
          8265,
          0,
          0,
          0,
          4860,
          13329,
          32601,
          0,
          10692
        ],
        [
          26835,
          14708,
          27421,
          0,
          6099,
          9165,
          0,
          0,
          28419,
          0,
          0,
          0,
          29366,
          0,
          0,
          18289,
          0,
          0,
          32694,
          19157,
          0,
          21835,
          19180,
          0,
          22290,
          11750,
          21063,
          0,
          16706,
          10622,
          0,
          25085,
          22514,
          0,
          0,
          1468,
          0,
          8265,
          0,
          0,
          28215,
          0,
          0,
          13329,
          8623
        ],
        [
          32418,
          29906,
          28154,
          26650,
          0,
          16912,
          0,
          0,
          0,
          28419,
          0,
          0,
          0,
          29366,
          0,
          0,
          18289,
          0,
          12591,
          0,
          19157,
          28303,
          3307,
          10459,
          0,
          11258,
          29570,
          16043,
          0,
          27850,
          7664,
          0,
          22564,
          0,
          31281,
          0,
          0,
          0,
          8265,
          0,
          0,
          28215,
          0,
          27889,
          20476
        ],
        [
          13102,
          17978,
          27272,
          23584,
          15837,
          0,
          0,
          0,
          0,
          0,
          28419,
          0,
          0,
          0,
          29366,
          0,
          0,
          18289,
          0,
          12591,
          55,
          11606,
          27,
          20999,
          21491,
          0,
          19359,
          22127,
          4899,
          0,
          10235,
          10185,
          0,
          1468,
          0,
          0,
          0,
          0,
          0,
          8265,
          0,
          0,
          28215,
          0,
          20808
        ],
        [
          29366,
          4330,
          0,
          0,
          0,
          0,
          0,
          2295,
          18041,
          2843,
          14771,
          18616,
          26835,
          32418,
          13102,
          0,
          0,
          0,
          0,
          0,
          0,
          0,
          16723,
          21887,
          9325,
          14211,
          28215,
          27889,
          19420,
          148,
          0,
          0,
          0,
          0,
          0,
          0,
          0,
          0,
          0,
          0,
          21063,
          29570,
          19359,
          16043,
          0
        ],
        [
          18289,
          0,
          4330,
          0,
          0,
          0,
          30454,
          0,
          5328,
          4595,
          5477,
          30978,
          0,
          0,
          0,
          26835,
          32418,
          13102,
          0,
          0,
          0,
          16026,
          0,
          24141,
          1442,
          16348,
          24484,
          0,
          0,
          0,
          27889,
          19420,
          148,
          0,
          0,
          0,
          0,
          11686,
          3179,
          13390,
          0,
          0,
          0,
          7664,
          26870
        ],
        [
          12591,
          0,
          0,
          4330,
          0,
          0,
          14708,
          27421,
          0,
          6099,
          9165,
          0,
          30978,
          0,
          0,
          14133,
          0,
          0,
          32418,
          13102,
          0,
          10862,
          8608,
          0,
          22174,
          26727,
          0,
          24484,
          0,
          0,
          4534,
          0,
          0,
          19420,
          148,
          0,
          21063,
          0,
          16706,
          10622,
          0,
          25085,
          22514,
          0,
          26738
        ],
        [
          55,
          0,
          0,
          0,
          4330,
          0,
          29906,
          28154,
          26650,
          0,
          16912,
          0,
          0,
          30978,
          0,
          0,
          14133,
          0,
          5914,
          0,
          13102,
          23424,
          31307,
          10575,
          0,
          17764,
          0,
          0,
          24484,
          0,
          0,
          4534,
          0,
          4860,
          0,
          148,
          29570,
          16043,
          0,
          27850,
          7664,
          0,
          22564,
          0,
          31261
        ],
        [
          13592,
          0,
          0,
          0,
          0,
          4330,
          17978,
          27272,
          23584,
          15837,
          0,
          0,
          0,
          0,
          30978,
          0,
          0,
          14133,
          0,
          5914,
          331,
          18538,
          16401,
          6022,
          14985,
          0,
          0,
          0,
          0,
          24484,
          0,
          0,
          4534,
          0,
          4860,
          13329,
          19359,
          22127,
          4899,
          0,
          10235,
          10185,
          0,
          1468,
          32369
        ],
        [
          0,
          18289,
          3383,
          0,
          0,
          0,
          14133,
          1771,
          0,
          0,
          0,
          0,
          5328,
          4595,
          5477,
          14708,
          29906,
          17978,
          0,
          0,
          0,
          4534,
          8265,
          0,
          0,
          0,
          0,
          24141,
          1442,
          16348,
          10862,
          23424,
          18538,
          0,
          0,
          0,
          0,
          19180,
          3307,
          27,
          10914,
          4446,
          21143,
          0,
          27051
        ],
        [
          0,
          12591,
          0,
          3383,
          0,
          0,
          5914,
          0,
          1771,
          0,
          0,
          27421,
          0,
          6099,
          9165,
          2295,
          0,
          0,
          29906,
          17978,
          0,
          4860,
          0,
          8265,
          0,
          0,
          8608,
          0,
          22174,
          26727,
          16723,
          0,
          0,
          23424,
          18538,
          0,
          13569,
          0,
          10459,
          20999,
          5009,
          0,
          0,
          4446,
          12618
        ],
        [
          0,
          55,
          0,
          0,
          3383,
          0,
          331,
          0,
          0,
          1771,
          0,
          28154,
          26650,
          0,
          16912,
          0,
          2295,
          0,
          18041,
          0,
          17978,
          13329,
          0,
          0,
          8265,
          0,
          31307,
          10575,
          0,
          17764,
          0,
          16723,
          0,
          21887,
          0,
          18538,
          29442,
          22290,
          0,
          21491,
          0,
          5009,
          0,
          21835,
          3904
        ],
        [
          0,
          13592,
          0,
          0,
          0,
          3383,
          19647,
          0,
          0,
          0,
          1771,
          27272,
          23584,
          15837,
          0,
          0,
          0,
          2295,
          0,
          18041,
          2843,
          32601,
          0,
          0,
          0,
          8265,
          16401,
          6022,
          14985,
          0,
          0,
          0,
          16723,
          0,
          21887,
          9325,
          32722,
          11750,
          11258,
          0,
          0,
          0,
          5009,
          0,
          18592
        ],
        [
          0,
          0,
          12591,
          14460,
          0,
          0,
          0,
          5914,
          18616,
          0,
          0,
          18041,
          30454,
          0,
          0,
          0,
          6099,
          9165,
          28154,
          27272,
          0,
          0,
          4860,
          28215,
          0,
          0,
          21887,
          16026,
          0,
          0,
          0,
          22174,
          26727,
          31307,
          16401,
          0,
          21835,
          27740,
          0,
          0,
          0,
          10459,
          20999,
          29442,
          0
        ],
        [
          0,
          0,
          55,
          0,
          14460,
          0,
          0,
          331,
          0,
          18616,
          0,
          2843,
          0,
          30454,
          0,
          26650,
          0,
          16912,
          5328,
          0,
          27272,
          0,
          13329,
          0,
          28215,
          0,
          9325,
          0,
          16026,
          0,
          10575,
          0,
          17764,
          24141,
          0,
          16401,
          28303,
          0,
          27740,
          0,
          22290,
          0,
          21491,
          19180,
          0
        ],
        [
          0,
          0,
          13592,
          0,
          0,
          14460,
          0,
          19647,
          0,
          0,
          18616,
          14771,
          0,
          0,
          30454,
          23584,
          15837,
          0,
          0,
          5328,
          4595,
          0,
          32601,
          0,
          0,
          28215,
          14211,
          0,
          0,
          16026,
          6022,
          14985,
          0,
          0,
          24141,
          1442,
          11606,
          0,
          0,
          27740,
          11750,
          11258,
          0,
          0,
          0
        ],
        [
          0,
          0,
          0,
          55,
          20158,
          0,
          0,
          0,
          331,
          26835,
          0,
          0,
          2843,
          14708,
          0,
          4595,
          27421,
          0,
          0,
          16912,
          23584,
          0,
          0,
          13329,
          27889,
          0,
          0,
          9325,
          10862,
          0,
          1442,
          8608,
          0,
          0,
          17764,
          6022,
          0,
          28303,
          10914,
          0,
          3307,
          13569,
          0,
          0,
          0
        ],
        [
          0,
          0,
          0,
          13592,
          0,
          20158,
          0,
          0,
          19647,
          0,
          26835,
          0,
          14771,
          0,
          14708,
          5477,
          0,
          27421,
          15837,
          0,
          6099,
          0,
          0,
          32601,
          0,
          27889,
          0,
          14211,
          0,
          10862,
          16348,
          0,
          8608,
          14985,
          0,
          22174,
          0,
          11606,
          0,
          10914,
          27,
          0,
          13569,
          11258,
          0
        ],
        [
          0,
          0,
          0,
          0,
          13592,
          32694,
          0,
          0,
          0,
          19647,
          32418,
          0,
          0,
          14771,
          29906,
          0,
          5477,
          28154,
          9165,
          26650,
          0,
          0,
          0,
          0,
          32601,
          19420,
          0,
          0,
          14211,
          23424,
          0,
          16348,
          31307,
          26727,
          10575,
          0,
          0,
          0,
          11606,
          4446,
          0,
          27,
          29442,
          20999,
          0
        ]
      ],
      "minor_determinant_mod_p": 10852,
      "selfduality_of_all_45_tangents": true,
      "all_81_jacobian_rows_annihilate_all_45_tangents": true,
      "frozen_basis_file_sha256": "59848eb1e3024f33da8b8235796b0ea99429f21c88243070437172b50a6473fb"
    }
  ]
}
