
FILE src/sdinv/published_degree8_invariants.py
"""The six displayed tensor expressions (4.12)--(4.16) of arXiv:2509.14350v2.

Normalized symmetrization is applied after the five-index antisymmetrization
already present in N1050. We implement the displayed expressions literally;
no additional trace subtraction is silently inserted. Lower-degree products
must be included when comparing different primitive representatives.
"""

import itertools

import numpy as np

from .modp import inv, mod_einsum
from .stress import (five_form_moment, matrix_trace_power, composite_n1050,
                     composite_n4125, _raise_axes, _antisymmetrize_axes)

SOURCE = "https://arxiv.org/html/2509.14350v2#S4.SS1.SSS3"
BASIS = [{"id": f"T8_{i}", "equation": eq} for i, eq in
         enumerate(["4.12", "4.12", "4.13", "4.14", "4.15", "4.16"], 1)]
ALTERNATIVE_BASIS = [{"id": f"H8_{i}", "equation": eq} for i, eq in
                     enumerate(["4.18", "4.20", "4.21", "4.22", "4.23", "4.12 (second)"], 1)]
SELECTED_BASIS = BASIS[:5] + [ALTERNATIVE_BASIS[0]]


def _contract_four(tensor, subscripts, prime):
    """Explicit one-metric-per-edge contraction of four covariant tensors."""
    seen, operands = set(), []
    for term in subscripts.split(","):
        raised = [i for i, index in enumerate(term) if index in seen]
        seen.update(term)
        operands.append(_raise_axes(tensor, raised, prime))
    return int(mod_einsum(subscripts + "->", operands, prime))


def evaluate_selected_basis(form, prime):
    """A verified selection across the paper's two displayed lists.

    T8_1,...,T8_5,H8_1 are used explicitly, rather than assuming either
    displayed list supplies a primitive complement under a literal reading.
    """
    first = evaluate_basis(form, prime)
    red = _antisymmetrize_axes(composite_n1050(form, prime), (3, 4, 5), prime)
    hatted1 = -_contract_four(red, "abcdrs,abcduv,urefgh,sefvgh", prime) % prime
    return first[:5] + [hatted1]


def evaluate_alternative_basis(form, prime):
    """Five hatted N1050 expressions plus the second invariant in (4.12)."""
    n = composite_n1050(form, prime)
    red = _antisymmetrize_axes(n, (3, 4, 5), prime)
    words = ["abcdrs,abcduv,urefgh,sefvgh", "abcdrs,abcduv,refugh,segfhv",
             "abcrst,abcuvw,rsefgu,tvfegw", "abcrst,abcuvw,uresfg,tvfweg",
             "urabcd,sabvcd,suefgh,vefrgh"]
    result = [_contract_four(red, word, prime) for word in words]
    result[0] = -result[0] % prime
    _, mixed = five_form_moment(form, prime)
    n4125 = composite_n4125(form, prime)
    result.append(int(mod_einsum("ad,be,cf,defabc->", [mixed, mixed, mixed,
                      _raise_axes(n4125, (3, 4, 5), prime)], prime)))
    return result


def evaluate_basis(form, prime):
    lower, mixed = five_form_moment(form, prime)
    upper = _raise_axes(lower, (0, 1), prime)
    n1050 = composite_n1050(form, prime)
    n4125 = composite_n4125(form, prime)
    q = mod_einsum("abcdmn,abcdrl->mnrl", [n1050, _raise_axes(n1050, (0, 1, 2, 3), prime)], prime)
    sym = np.zeros_like(q)
    for perm in itertools.permutations(range(4)):
        sym = (sym + q.transpose(perm)) % prime
    sym = sym * inv(24, prime) % prime
    q_mixed = _raise_axes(q, (2, 3), prime)
    return [
        matrix_trace_power(mixed, 4, prime),
        int(mod_einsum("ad,be,cf,defabc->", [mixed, mixed, mixed, _raise_axes(n4125, (3, 4, 5), prime)], prime)),
        int(mod_einsum("mn,mnrl,rl->", [upper, q, upper], prime)),
        int(mod_einsum("mnrl,mnrl->", [sym, _raise_axes(q, (0, 1, 2, 3), prime)], prime)),
        int((mod_einsum("am,bn,mnab->", [mixed, mixed, q_mixed], prime)
             - mod_einsum("bm,an,mnab->", [mixed, mixed, q_mixed], prime)) * inv(2, prime) % prime),
        int(mod_einsum("am,bn,mnpqrs,pqrsab->", [mixed, mixed, n1050, _raise_axes(n4125, range(6), prime)], prime)),
    ]


FILE src/sdinv/published_degree10_invariants.py
"""Published degree-10 candidates from equation (4.24).

Source of record
----------------
Cederwall, Hutomo, Kuzenko, Lechner, Sorokin, "Some remarks on invariants",
J. Phys. A 59 (2026) 065203, doi:10.1088/1751-8121/ae3bb8, equation (4.24),
journal PDF page 17 (printed page 15). Cross-checked against
arXiv:2509.14350v2 PDF page 25.

The paper states that "the symmetrization and/or anti-symmetrization of the
indices within the red brackets is made upon the anti-symmetrization within the
black brackets". That colour distinction does not survive PDF text extraction,
and neither does reliable up/down placement of stacked scripts.

Index placement is therefore DERIVED, not read: every contracted edge must
carry exactly one raised end, or it contracts with delta instead of eta. See
`docs/PUBLISHED_DEGREE10_INDEX_AUDIT.md` §0. Bracket *delimiters* are reliable
in the text stream; bracket *colour* is not, which is what AMB-01 and AMB-02
record.

Implementation status
---------------------
    P10_01  tr M^5                                     IMPLEMENTED
    P10_02  (MM) M M N^(4125)                          IMPLEMENTED
    P10_03  M^3 (N1050 N1050)                          IMPLEMENTED
    P10_04  (MM) M red( N1050 N1050 )                  IMPLEMENTED  [AMB-01]
    P10_05  (MM) M [black] N1050 N1050                 IMPLEMENTED
    P10_06  (MM) M N1050 N4125                         IMPLEMENTED
    P10_07  N1050 (MM) (N1050 N1050)                   IMPLEMENTED
    P10_08  N1050 M M [black] (N1050 N1050)            IMPLEMENTED
    P10_09  red( N1050 M N1050 ) N1050 N1050           IMPLEMENTED  [AMB-01]
    P10_10  five N1050, nested brackets                NOT IMPLEMENTED [AMB-02]
    P10_11  five N1050, nested brackets                NOT IMPLEMENTED [AMB-02]
    P10_12  five N1050, nested brackets                NOT IMPLEMENTED [AMB-02]

Candidates carrying an unresolved source ambiguity record it in the
`ambiguity` key of their registry entry and implement one explicitly named
reading. They are NOT presented as being equation (4.24) without qualification.
"""

import numpy as np

from .index_symmetry_ops import BLACK, RED, BracketOp, BracketProgram
from .modp import P, inv, mod_einsum
from .stress import (
    _raise_axes,
    composite_n1050,
    composite_n4125,
    five_form_moment,
    matrix_trace_power,
)

SOURCE = {
    "paper": "Some remarks on invariants",
    "journal": "J. Phys. A 59 (2026) 065203",
    "doi": "10.1088/1751-8121/ae3bb8",
    "arxiv": "2509.14350v2",
    "equation": "(4.24)",
    "journal_pdf_page": 17,
    "arxiv_pdf_page": 25,
    "transcription_method": "rendered page image at 200 dpi",
}


def p10_01_trM5(five_form, mod=P, backend="optimized"):
    """I^(1)_10 = tr M^5."""
    _, mixed = five_form_moment(five_form, mod, backend)
    return int(matrix_trace_power(mixed, 5, mod) % mod)


def p10_02_mm_m_m_n4125(five_form, mod=P, backend="optimized"):
    """I^(2)_10 = (MM)_{mu1}^{nu1} M_{mu2}^{nu2} M_{mu3}^{nu3}
                  N^(4125)_{nu1 nu2 nu3}{}^{mu1 mu2 mu3}.

    composite_n4125 returns the all-lower 6-index tensor, so the last three
    indices are raised to match the source index placement.
    """
    _, mixed = five_form_moment(five_form, mod, backend)
    mm = (mixed @ mixed) % mod
    n = composite_n4125(five_form, mod, backend)
    n_raised = _raise_axes(n, (3, 4, 5), mod)
    # a=mu1 d=nu1, b=mu2 e=nu2, c=mu3 f=nu3 ; N indices (nu1,nu2,nu3,mu1,mu2,mu3)
    #
    # mod_einsum, NOT np.einsum. A bare int64 einsum over four operands with
    # entries up to p multiplies before summing: p^4 ~ 1.15e18 accumulated over
    # 10^6 terms wraps past 2^63 silently. That is the documented trap in this
    # repository's README and it was hit here first time; the homogeneity test
    # is what exposed it.
    out = mod_einsum("ad,be,cf,defabc->", [mm, mixed, mixed, n_raised], mod)
    return int(out % mod)


def p10_03_m3_n1050_n1050(five_form, mod=P, backend="optimized"):
    """I^(3)_10 = M_{mu1}^{nu1} M_{mu2}^{nu2} M_{mu3}^{nu3}
                  ( N_(1050)^{[mu1mu2mu3,a1a2]a3} N^(1050)_{[nu1nu2nu3,a1a2]a3} )

    All brackets in this candidate are BLACK, and `composite_n1050` already
    performs the five-index antisymmetrisation [abc,de], so no additional
    bracket program is required. Verified against the rendered source at
    400 dpi (journal p17).
    """
    _, mixed = five_form_moment(five_form, mod, backend)
    n_low = composite_n1050(five_form, mod, backend)
    n_up = _raise_axes(n_low, (0, 1, 2, 3, 4, 5), mod)
    # a=mu1 d=nu1, b=mu2 e=nu2, c=mu3 f=nu3, xyz = a1 a2 a3
    return int(mod_einsum(
        "ad,be,cf,abcxyz,defxyz->",
        [mixed, mixed, mixed, n_up, n_low], mod) % mod)


def p10_06_mm_m_n1050_n4125(five_form, mod=P, backend="optimized"):
    """I^(6)_10 = (MM)_{nu1}^{mu1} M_{nu2}^{mu2}
                  N^(1050)_{[mu1mu2rho1,rho2rho3]rho4}
                  N_(4125)^{rho1rho2rho3,rho4nu1nu2}

    Black brackets only; the five-index antisymmetrisation is already carried
    by composite_n1050. Verified against the 400 dpi render, journal p17.
    """
    _, mixed = five_form_moment(five_form, mod, backend)
    mm = (mixed @ mixed) % mod
    n1050 = composite_n1050(five_form, mod, backend)
    n4125 = composite_n4125(five_form, mod, backend)
    n4125_up = _raise_axes(n4125, (0, 1, 2, 3, 4, 5), mod)
    # (MM)_{nu1}^{mu1} -> [n1, m1];  N1050_{m1 m2 r1 r2 r3 r4}
    # N4125^{r1 r2 r3 r4 n1 n2}
    return int(mod_einsum(
        "am,bn,mnpqrs,pqrsab->",
        [mm, mixed, n1050, n4125_up], mod) % mod)


def p10_07_n1050_mm_n1050_n1050(five_form, mod=P, backend="optimized"):
    """I^(7)_10 = N^(1050)_{[rho1rho2rho3,rho4rho5]}{}^{mu} (MM)_{mu}{}^{kappa}
                  ( N_(1050)^{[rho1rho2rho3,}{}_{a1a2]a3}
                    N_(1050)^{[rho4rho5}{}_{kappa,a1a3]a2} )

    Black brackets only. Note the alpha ordering differs between the two inner
    N factors -- a1a2]a3 against a1a3]a2 -- which is carried by the einsum
    labels, not by any additional symmetrisation.

    INDEX PLACEMENT. Every contracted edge must have exactly ONE raised end;
    an edge joining two equally-placed slots contracts with delta instead of
    eta and is not Lorentz invariant. This function originally raised all six
    axes on BOTH inner N factors, so the three alpha edges (a1,a2,a3) joined
    two raised slots. The result was rotation invariant -- delta and eta agree
    on the spatial block -- but NOT boost invariant, and the degree-10
    projection correctly reported it as `not_in_atlas_span` on all six primes
    because a non-scalar cannot lie in the span of genuine invariants.

    The placement that fixes it turns on `mm`. `mixed` is M_{mu}{}^{nu}, so the
    matrix product `mixed @ mixed` contracts the up index of the first with the
    down index of the second, giving (MM)_{mu}{}^{kappa} -- slot 0 DOWN, slot 1
    UP, the opposite of what the original docstring asserted. Hence the outer N
    carries mu UP (axis 5 raised) and the second inner N carries kappa DOWN
    (axis 2 NOT raised).

    Which end of an alpha edge carries the metric is arbitrary: raising
    (0,1,2,3,4,5)/(0,1) instead of (0,1,2)/(0,1,3,4,5) gives bit-identical
    values, which is the check that this placement is right rather than merely
    boost invariant by accident. `test_p10_07_alpha_edge_placement_is_free`
    asserts it.
    """
    _, mixed = five_form_moment(five_form, mod, backend)
    mm = (mixed @ mixed) % mod
    n = composite_n1050(five_form, mod, backend)
    # N_{r1 r2 r3 r4 r5}{}^{m} (MM)_{m}{}^{k} N^{r1 r2 r3}{}_{a1 a2 a3}
    #                                          N^{r4 r5}{}_{k}{}^{a1 a3 a2}
    n_outer = _raise_axes(n, (5,), mod)
    n_a = _raise_axes(n, (0, 1, 2), mod)
    n_b = _raise_axes(n, (0, 1, 3, 4, 5), mod)
    return int(mod_einsum(
        "pqrstm,mk,pqrxyz,stkxzy->",
        [n_outer, mm, n_a, n_b], mod) % mod)


def _outer(left, right, mod):
    """Modular outer product; axes of `left` first, then axes of `right`."""
    return np.tensordot(left % mod, right % mod, axes=0) % mod


def p10_05_mm_m_antisym_n1050_n1050(five_form, mod=P, backend="optimized"):
    """I^(5)_10 = (MM)_{[nu1}{}^{[mu1} M_{nu2]}{}^{mu2]}
                  N^(1050)_{[rho1rho2rho3,rho4 mu1] mu2}
                  N_(1050)^{[rho1rho2rho3,rho4 nu1] nu2}

    Two BLACK antisymmetrisations, both on the M-product indices: one over the
    nu pair (nu1, nu2), one over the mu pair (mu1, mu2). Neither is supplied by
    `composite_n1050` -- that routine antisymmetrises only its own first five
    axes -- so both are applied explicitly through `BracketProgram`.

    Index placement is fixed by consistency, not by the extraction order of the
    stacked scripts (which is unreliable). `mm` and `mixed` are M_{a}{}^{b},
    slot 0 DOWN and slot 1 UP, so slot 1 contracts into the all-lower
    `composite_n1050` and slot 0 into the raised copy. Every contracted edge
    then has exactly one raised end, which the boost test confirms.
    """
    _, mixed = five_form_moment(five_form, mod, backend)
    mm = (mixed @ mixed) % mod
    n_low = composite_n1050(five_form, mod, backend)
    n_up = _raise_axes(n_low, (0, 1, 2, 3, 4, 5), mod)

    # slots: 0 = nu1, 1 = mu1, 2 = nu2, 3 = mu2
    block = _outer(mm, mixed, mod)
    program = BracketProgram(
        ops=[BracketOp("antisym", (0, 2), BLACK, True,
                       "eq (4.24) I^(5)_10 black bracket [nu1 ... nu2]"),
             BracketOp("antisym", (1, 3), BLACK, True,
                       "eq (4.24) I^(5)_10 black bracket [mu1 ... mu2]")],
        source="eq (4.24) I^(5)_10")
    block = program.apply(block, mod)

    # block[nu1, mu1, nu2, mu2] N_{r1r2r3r4 mu1 mu2} N^{r1r2r3r4 nu1 nu2}
    return int(mod_einsum(
        "nmvp,abcdmp,abcdnv->", [block, n_low, n_up], mod) % mod)


def p10_08_n1050_mm_antisym_n1050_n1050(five_form, mod=P, backend="optimized"):
    """I^(8)_10 = N^(1050)_{[rho1rho2rho3,rho4 nu] mu} M^{[nu}{}_{rho5}
                  M^{mu]}{}_{kappa}
                  ( N_(1050)^{[rho1rho2rho3,}{}_{a1a2]a3}
                    N_(1050)^{[rho4 rho5 kappa, a1a3]a2} )

    Structurally I^(7) with the single factor (MM)_{mu}{}^{kappa} split into
    two M factors carrying a BLACK antisymmetrisation over [nu ... mu], and the
    outer N's fifth index renamed rho5 -> nu accordingly. The inner pair is
    identical to I^(7), including the alpha reordering a1a2]a3 against a1a3]a2.

    The raise pattern is derived by the same edge rule that fixed I^(7): the
    outer N carries nu and mu UP (axes 4,5) because both meet the DOWN slot 0
    of an M_{a}{}^{b}; the second inner N carries rho4 UP but rho5 and kappa
    DOWN because those meet the UP slot 1 of an M.
    """
    _, mixed = five_form_moment(five_form, mod, backend)
    n = composite_n1050(five_form, mod, backend)
    outer = _raise_axes(n, (4, 5), mod)
    n_a = _raise_axes(n, (0, 1, 2), mod)
    n_b = _raise_axes(n, (0, 3, 4, 5), mod)

    # slots: 0 = nu, 1 = rho5, 2 = mu, 3 = kappa
    block = _outer(mixed, mixed, mod)
    program = BracketProgram(
        ops=[BracketOp("antisym", (0, 2), BLACK, True,
                       "eq (4.24) I^(8)_10 black bracket [nu ... mu]")],
        source="eq (4.24) I^(8)_10")
    block = program.apply(block, mod)

    return int(mod_einsum(
        "pqrsnm,ntmk,pqrxyz,stkxzy->",
        [outer, block, n_a, n_b], mod) % mod)


def p10_04_mm_m_red_n1050_n1050(five_form, mod=P, backend="optimized",
                                red_reading="all4"):
    """I^(4)_10 = (MM)^{mu nu} M^{rho lambda}
                  ( N^(1050)_{[a1a2a3a4(mu] nu} N_(1050)^{[a1a2a3a4}{}_{rho] lambda)} )

    STAGED. The BLACK antisymmetrisations are `[a1a2a3a4 mu]` and
    `[a1a2a3a4 rho]`, which are exactly the five-index antisymmetrisation that
    `composite_n1050` performs on its own axes (0,1,2,3,4). They are therefore
    already complete before this function does anything, which satisfies the
    source requirement that black executes first -- the black stage is baked
    into the operand, not applied afterwards.

    The RED operation then acts on the surviving mu, nu, rho, lambda of the
    contracted N-pair. It is applied to the intermediate

        T_{mu nu rho lambda} = N_{a1a2a3a4 mu nu} N^{a1a2a3a4}{}_{rho lambda}

    and only afterwards contracted with the two M blocks, so the ordering is
    BLACK -> RED as the paper requires and is not flattened.

    SOURCE AMBIGUITY (AMB-01). The red parenthesis opens before `mu` and closes
    after `lambda`, enclosing four slots, and the *colour* that would settle its
    reading does not survive PDF text extraction. Two readings are consistent
    with the glyph stream:

        red_reading="all4"  symmetrise mu, nu, rho, lambda together
        red_reading="pairs" symmetrise the pair (mu nu) against (rho lambda)

    Both are implemented and both are evaluated by the projection runner; the
    result records them separately rather than presenting one as the published
    value. Neither is asserted to BE equation (4.24) until a colour render
    settles it.
    """
    _, mixed = five_form_moment(five_form, mod, backend)
    mm = (mixed @ mixed) % mod
    n_low = composite_n1050(five_form, mod, backend)
    n_up = _raise_axes(n_low, (0, 1, 2, 3), mod)

    # T_{mu nu rho lambda}; alpha edges carry exactly one raised end
    tensor = mod_einsum("abcdmn,abcdrl->mnrl", [n_low, n_up], mod)

    if red_reading == "all4":
        program = BracketProgram(
            ops=[BracketOp("sym", (0, 1, 2, 3), RED, True,
                           "eq (4.24) I^(4)_10 red bracket (mu ... rho]lambda)")],
            source="eq (4.24) I^(4)_10 reading all4")
        tensor = program.apply(tensor, mod)
    elif red_reading == "pairs":
        # symmetrise the (mu nu) block against the (rho lambda) block
        swapped = np.transpose(tensor, (2, 3, 0, 1))
        tensor = ((tensor + swapped) % mod
                  * inv(2 % mod, mod)) % mod
    else:
        raise ValueError(f"unknown red_reading {red_reading!r}")

    mm_up = _raise_axes(mm, (0,), mod)
    m_up = _raise_axes(mixed, (0,), mod)
    return int(mod_einsum("mnrl,mn,rl->", [tensor, mm_up, m_up], mod) % mod)


def p10_04_pairs(five_form, mod=P, backend="optimized"):
    """I^(4)_10 under the alternative red reading; see AMB-01."""
    return p10_04_mm_m_red_n1050_n1050(five_form, mod, backend, "pairs")


def p10_09_red_n1050_m_n1050_n1050_n1050(five_form, mod=P, backend="optimized",
                                         red_reading="all3"):
    """I^(9)_10 = N^(1050)_{[a1a2a3a4 kappa](nu} M^{kappa mu}
                  N_(1050)^{[a1a2a3a4}{}_{rho] lambda)}
                  N_(1050)^{[b1b2b3b4 mu] nu} N^(1050)_{[b1b2b3b4}{}_{rho] lambda}

    Four N^(1050) blocks and one M: degree 2*4 + 2 = 10.

    STAGED, BLACK then RED. All four black brackets are five-index
    antisymmetrisations on axes (0,1,2,3,4), which `composite_n1050` has
    already performed, so the black stage is complete in the operands. The RED
    operation is then applied to the intermediate

        T_{nu}{}^{mu}{}_{rho lambda}
            = N_{a1a2a3a4 kappa nu} M^{kappa mu} N^{a1a2a3a4}{}_{rho lambda}

    before it is contracted with the second N pair.

    WHY THE RED EXTENT IS READ AS {nu, rho, lambda}. The red parenthesis opens
    immediately after the first black bracket closes and shuts after `lambda`,
    enclosing nu, rho and lambda but not kappa or mu. Independently of the
    glyph stream, the edge rule assigns all three of nu, rho, lambda a LOWER
    placement while mu comes out UPPER -- and a symmetrisation can only act on
    slots of matching type. That the enclosed set is exactly the same-type set
    is a nontrivial consistency check on this reading, and the same check
    passes for I^(4). It is corroboration, not proof: see AMB-01.
    """
    _, mixed = five_form_moment(five_form, mod, backend)
    n = composite_n1050(five_form, mod, backend)
    n_a = n                                        # all lower
    n_b = _raise_axes(n, (0, 1, 2, 3), mod)
    n_c = _raise_axes(n, (5,), mod)
    n_d = _raise_axes(n, (0, 1, 2, 3, 4, 5), mod)
    m_up = _raise_axes(mixed, (0,), mod)           # M^{kappa mu}

    # slots of T: 0 = nu (down), 1 = mu (up), 2 = rho (down), 3 = lambda (down)
    tensor = mod_einsum("abcdkn,km,abcdrl->nmrl", [n_a, m_up, n_b], mod)
    if red_reading not in ("all3", "rholambda"):
        raise ValueError(f"unknown red_reading {red_reading!r}")
    # AMB-01 alternative: the red bracket might enclose only the two slots that
    # sit on the same tensor, (rho, lambda), rather than nu as well.
    slots = (0, 2, 3) if red_reading == "all3" else (2, 3)
    program = BracketProgram(
        ops=[BracketOp("sym", slots, RED, True,
                       "eq (4.24) I^(9)_10 red bracket (nu ... rho]lambda)")],
        source=f"eq (4.24) I^(9)_10 reading {red_reading}")
    tensor = program.apply(tensor, mod)

    return int(mod_einsum(
        "nmrl,efghmn,efghrl->", [tensor, n_c, n_d], mod) % mod)


# --------------------------------------------------------------------------
# I^(10), I^(11), I^(12): five N^(1050) blocks each, nested bracket structures.
#
# SOURCE AMBIGUITY (AMB-02). Each of these three writes a bracket that OPENS
# inside another bracket and CLOSES before the outer one does, for example
# `[rho1rho2rho3,rho4[mu1]mu2]` in I^(10). The outer group is the five-index
# antisymmetrisation that `composite_n1050` already carries intrinsically, from
# equation (2.15). What the INNER group is cannot be settled from the glyph
# stream: it may be a genuine nested black antisymmetrisation on the two
# remaining slots, or a red-stage operation that happens to be printed with
# square glyphs. Colour is what distinguishes them and colour does not survive
# extraction.
#
# Both readings are therefore implemented and named:
#
#   reading="outer"  only the intrinsic five-index antisymmetrisation
#   reading="nested" additionally antisymmetrise the two trailing slots
#
# Neither is asserted to BE equation (4.24). The projection runner evaluates
# both and records them separately, so a future session with a colour render
# can adopt one without recomputing anything.
#
# The contraction topologies below were derived by the edge rule of
# `docs/PUBLISHED_DEGREE10_INDEX_AUDIT.md` §0 and each was checked to use every
# dummy index exactly twice across the thirty slots (fifteen edges).
# --------------------------------------------------------------------------

def _nested_pair(tensor, mod, reading, label):
    """Apply the AMB-02 inner bracket on the two trailing slots, or not."""
    if reading == "outer":
        return tensor
    if reading != "nested":
        raise ValueError(f"unknown reading {reading!r}")
    program = BracketProgram(
        ops=[BracketOp("antisym", (4, 5), BLACK, True, label)], source=label)
    return program.apply(tensor, mod)


def p10_10_five_n1050(five_form, mod=P, backend="optimized", reading="outer"):
    """I^(10)_10 = ( N_{[r1r2r3,r4[m1]m2]} N^{[r1r2r3,}{}_{a1a2]a3}
                     N^{[r4 n1n2, a1a3]a2} )
                   ( N_{[b1b2b3,b4 n1]n2} N^{[b1b2b3,b4 m1]m2} )

    Five N^(1050) blocks, degree 10. See AMB-02 above for `reading`.

    Slots, in the order the einsum uses them:
        N1 (r1,r2,r3,r4,m1,m2)   N2 (r1,r2,r3,a1,a2,a3)
        N3 (r4,n1,n2,a1,a3,a2)   N4 (b1,b2,b3,b4,n1,n2)
        N5 (b1,b2,b3,b4,m1,m2)
    """
    n = composite_n1050(five_form, mod, backend)
    n1 = _nested_pair(n, mod, reading, "eq (4.24) I^(10)_10 inner [m1]m2]")
    n2 = _raise_axes(n, (0, 1, 2), mod)
    n3 = _raise_axes(n, (0, 3, 4, 5), mod)
    n4 = _raise_axes(n, (4, 5), mod)
    n5 = _raise_axes(n, (0, 1, 2, 3, 4, 5), mod)
    return int(mod_einsum(
        "abcdmn,abcxyz,dpqxzy,efghpq,efghmn->",
        [n1, n2, n3, n4, n5], mod) % mod)


def p10_11_five_n1050(five_form, mod=P, backend="optimized", reading="outer"):
    """I^(11)_10 = ( N_{[r1r2r3,}{}^{a1a2]a3} N_{[m1m2m3,a1a2]a3} )
                   ( N^{[m1m2m3[n1n2]n3]} N^{[r1r2 l1[l2l3]}{}_{n1]}
                     N^{[r3}{}_{n2 l2[l1l3]n3]} )

    Slots:
        A (r1,r2,r3,a1,a2,a3)   B (m1,m2,m3,a1,a2,a3)
        C (m1,m2,m3,n1,n2,n3)   D (r1,r2,l1,l2,l3,n1)
        E (r3,n2,l2,l1,l3,n3)
    """
    n = composite_n1050(five_form, mod, backend)
    a = n
    b = _raise_axes(n, (3, 4, 5), mod)
    c = _nested_pair(_raise_axes(n, (0, 1, 2), mod), mod, reading,
                     "eq (4.24) I^(11)_10 inner [n1n2]n3]")
    d = _raise_axes(n, (0, 1, 5), mod)
    e = _raise_axes(n, (0, 1, 2, 3, 4, 5), mod)
    return int(mod_einsum(
        "abcxyz,mnoxyz,mnopqr,abstup,cqtsur->",
        [a, b, c, d, e], mod) % mod)


def p10_12_five_n1050(five_form, mod=P, backend="optimized", reading="outer"):
    """I^(12)_10 = ( N_{[r1r2r3,}{}^{a1a2]a3} N_{[m1m2m3,a1a2]a3} )
                   ( N^{[m1m2m3[n1n2]n3]} N_{[n1}{}^{r1 l1[r2 l2]l3]}
                     N^{[r3}{}_{n2 l2[n3 l1]l3]} )

    Differs from I^(11) only in the index arrangement of the last two blocks:
    D is (n1,r1,l1,r2,l2,l3) and E is (r3,n2,l2,n3,l1,l3).
    """
    n = composite_n1050(five_form, mod, backend)
    a = n
    b = _raise_axes(n, (3, 4, 5), mod)
    c = _nested_pair(_raise_axes(n, (0, 1, 2), mod), mod, reading,
                     "eq (4.24) I^(12)_10 inner [n1n2]n3]")
    d = _raise_axes(n, (0, 1, 3), mod)
    e = _raise_axes(n, (0, 1, 2, 3, 4, 5), mod)
    return int(mod_einsum(
        "abcxyz,mnoxyz,mnopqr,pasbtu,cqtrsu->",
        [a, b, c, d, e], mod) % mod)


def _nested_variant(fn):
    def wrapped(five_form, mod=P, backend="optimized"):
        return fn(five_form, mod, backend, reading="nested")
    wrapped.__name__ = fn.__name__ + "_nested"
    wrapped.__doc__ = f"{fn.__name__} under the AMB-02 'nested' reading."
    return wrapped


p10_10_nested = _nested_variant(p10_10_five_n1050)
p10_11_nested = _nested_variant(p10_11_five_n1050)
p10_12_nested = _nested_variant(p10_12_five_n1050)


PUBLISHED_DEGREE10 = {
    "P10_01": {"source_label": "I^(1)_10", "formula": "tr M^5",
               "evaluator": p10_01_trM5, "implemented": True,
               "blocks": {"M": 5}},
    "P10_02": {"source_label": "I^(2)_10",
               "formula": "(MM)M M N^(4125)",
               "evaluator": p10_02_mm_m_m_n4125, "implemented": True,
               "blocks": {"M": 4, "N4125": 1}},
    "P10_03": {"source_label": "I^(3)_10",
               "formula": "M M M (N^(1050) N^(1050))",
               "evaluator": p10_03_m3_n1050_n1050, "implemented": True,
               "blocks": {"M": 3, "N1050": 2},
               "brackets": "black only; supplied by composite_n1050"},
    "P10_06": {"source_label": "I^(6)_10",
               "formula": "(MM) M N^(1050) N^(4125)",
               "evaluator": p10_06_mm_m_n1050_n4125, "implemented": True,
               "blocks": {"M": 3, "N1050": 1, "N4125": 1},
               "brackets": "black only"},
    "P10_04": {"source_label": "I^(4)_10",
               "formula": "(MM) M red( N^(1050) N^(1050) )",
               "evaluator": p10_04_mm_m_red_n1050_n1050, "implemented": True,
               "blocks": {"M": 3, "N1050": 2},
               "brackets": "black supplied by composite_n1050, then RED "
                           "symmetrisation; reading AMB-01 'all4'",
               "ambiguity": "AMB-01"},
    "P10_05": {"source_label": "I^(5)_10",
               "formula": "(MM) M [black nu, black mu] N^(1050) N^(1050)",
               "evaluator": p10_05_mm_m_antisym_n1050_n1050,
               "implemented": True,
               "blocks": {"M": 3, "N1050": 2},
               "brackets": "black only; two explicit BracketOp pairs"},
    "P10_08": {"source_label": "I^(8)_10",
               "formula": "N^(1050) M M [black] (N^(1050) N^(1050))",
               "evaluator": p10_08_n1050_mm_antisym_n1050_n1050,
               "implemented": True,
               "blocks": {"M": 2, "N1050": 3},
               "brackets": "black only; one explicit BracketOp pair"},
    "P10_09": {"source_label": "I^(9)_10",
               "formula": "red( N^(1050) M N^(1050) ) N^(1050) N^(1050)",
               "evaluator": p10_09_red_n1050_m_n1050_n1050_n1050,
               "implemented": True,
               "blocks": {"M": 1, "N1050": 4},
               "brackets": "black supplied by composite_n1050, then RED "
                           "symmetrisation over (nu, rho, lambda)",
               "ambiguity": "AMB-01"},
    "P10_10": {"source_label": "I^(10)_10",
               "formula": "five N^(1050), nested brackets",
               "evaluator": p10_10_five_n1050, "implemented": True,
               "blocks": {"N1050": 5},
               "brackets": "outer black supplied by composite_n1050; inner "
                           "group unresolved, reading 'outer'",
               "ambiguity": "AMB-02"},
    "P10_11": {"source_label": "I^(11)_10",
               "formula": "five N^(1050), nested brackets",
               "evaluator": p10_11_five_n1050, "implemented": True,
               "blocks": {"N1050": 5},
               "brackets": "outer black supplied by composite_n1050; inner "
                           "group unresolved, reading 'outer'",
               "ambiguity": "AMB-02"},
    "P10_12": {"source_label": "I^(12)_10",
               "formula": "five N^(1050), nested brackets",
               "evaluator": p10_12_five_n1050, "implemented": True,
               "blocks": {"N1050": 5},
               "brackets": "outer black supplied by composite_n1050; inner "
                           "group unresolved, reading 'outer'",
               "ambiguity": "AMB-02"},
    "P10_07": {"source_label": "I^(7)_10",
               "formula": "N^(1050) (MM) (N^(1050) N^(1050))",
               "evaluator": p10_07_n1050_mm_n1050_n1050, "implemented": True,
               "blocks": {"M": 2, "N1050": 3},
               "brackets": "black only"},
}

NOT_IMPLEMENTED = {}

# The AMB-02 alternative readings, evaluated alongside the primary registry so
# the ambiguity is measured rather than assumed away.
def p10_09_rholambda(five_form, mod=P, backend="optimized"):
    """I^(9)_10 with the red bracket enclosing only (rho, lambda); see AMB-01."""
    return p10_09_red_n1050_m_n1050_n1050_n1050(
        five_form, mod, backend, red_reading="rholambda")


AMBIGUITY_VARIANTS = {
    "P10_04": ("AMB-01", "pairs", p10_04_pairs),
    "P10_09": ("AMB-01", "rholambda", p10_09_rholambda),
    "P10_10": ("AMB-02", "nested", p10_10_nested),
    "P10_11": ("AMB-02", "nested", p10_11_nested),
    "P10_12": ("AMB-02", "nested", p10_12_nested),
}

# Read off the 400 dpi render of eq (4.24), journal p17: which candidates
# carry RED brackets (and therefore need staged execution) and which are
# black-only (and therefore need only composite_n1050 / composite_n4125).
BRACKET_STAGES = {
    "P10_03": "black only", "P10_04": "RED present: (mu ... rho]lambda)",
    "P10_05": "black only", "P10_06": "black only",
    "P10_07": "black only", "P10_08": "black only",
    "P10_09": "RED present: (nu ... rho]lambda)",
    "P10_10": "black only (nested)", "P10_11": "black only (nested)",
    "P10_12": "black only (nested)",
}


def evaluate_implemented(five_form, mod=P, backend="optimized"):
    return {name: spec["evaluator"](five_form, mod, backend)
            for name, spec in PUBLISHED_DEGREE10.items()}


FILE results/order8_change_of_basis.json
{
  "basis_selection": "T8_1 through T8_5 from (4.12)--(4.15), and H8_1 from (4.18); this selection spans all seven degree-8 directions after adjoining the quartic square.",
  "degree": 8,
  "exact_6x6_without_products": false,
  "fitting_primes": [
    32749,
    32719,
    32693,
    32713,
    32717
  ],
  "graph_basis": [
    {
      "catalog_index": 1,
      "graph": "n8[04^4,05^1,14^1,16^4,25^4,27^1,36^1,37^4]",
      "id": "I8_1",
      "order": 8
    },
    {
      "catalog_index": 73,
      "graph": "n8[03^4,06^1,14^4,16^1,25^4,26^1,37^1,47^1,57^1,67^2]",
      "id": "I8_2",
      "order": 8
    },
    {
      "catalog_index": 444,
      "graph": "n8[03^4,04^1,14^1,15^1,16^2,17^1,25^4,26^1,37^1,46^1,47^2,67^1]",
      "id": "I8_3",
      "order": 8
    },
    {
      "catalog_index": 84,
      "graph": "n8[03^2,06^2,07^1,14^4,16^1,25^4,26^1,36^1,37^2,47^1,57^1]",
      "id": "I8_4",
      "order": 8
    },
    {
      "catalog_index": 324,
      "graph": "n8[03^2,04^1,06^2,14^2,15^1,17^2,25^4,26^1,36^2,37^1,47^2]",
      "id": "I8_5",
      "order": 8
    },
    {
      "catalog_index": 971,
      "graph": "n8[03^2,06^2,07^1,14^2,15^1,16^2,24^1,25^2,27^2,36^1,37^2,45^2]",
      "id": "I8_6",
      "order": 8
    }
  ],
  "graph_to_literature": [
    [
      "1",
      "0",
      "0",
      "0",
      "0",
      "0",
      "0"
    ],
    [
      "3/28",
      "1",
      "0",
      "0",
      "0",
      "0",
      "-3/14"
    ],
    [
      "1/144",
      "0",
      "-25/6",
      "0",
      "0",
      "0",
      "7/72"
    ],
    [
      "1/56",
      "1/6",
      "0",
      "0",
      "-25/3",
      "0",
      "-1/28"
    ],
    [
      "2965/62208",
      "0",
      "125/108",
      "-625/9",
      "125/36",
      "-56250",
      "-593/31104"
    ],
    [
      "276611/5225472",
      "1/72",
      "-575/1296",
      "-3125/108",
      "-1175/432",
      "-114375/2",
      "-61543/2612736"
    ],
    [
      "0",
      "0",
      "0",
      "0",
      "0",
      "0",
      "1"
    ]
  ],
  "holdout_prime": 32771,
  "literature_basis": [
    {
      "equation": "4.12",
      "id": "T8_1"
    },
    {
      "equation": "4.12",
      "id": "T8_2"
    },
    {
      "equation": "4.13",
      "id": "T8_3"
    },
    {
      "equation": "4.14",
      "id": "T8_4"
    },
    {
      "equation": "4.15",
      "id": "T8_5"
    },
    {
      "equation": "4.18",
      "id": "H8_1"
    }
  ],
  "literature_source": "https://arxiv.org/html/2509.14350v2#S4.SS1.SSS3",
  "literature_to_graph": [
    [
      "1",
      "0",
      "0",
      "0",
      "0",
      "0",
      "0"
    ],
    [
      "-3/28",
      "1",
      "0",
      "0",
      "0",
      "0",
      "3/14"
    ],
    [
      "1/600",
      "0",
      "-6/25",
      "0",
      "0",
      "0",
      "7/300"
    ],
    [
      "-1/144000",
      "1/375",
      "-7/750",
      "-9/500",
      "-61/2500",
      "3/125",
      "337/360000"
    ],
    [
      "0",
      "1/50",
      "0",
      "-3/25",
      "0",
      "0",
      "0"
    ],
    [
      "623/699840000",
      "-1/486000",
      "1/151875",
      "1/67500",
      "1/81000",
      "-1/33750",
      "-71/69984000"
    ],
    [
      "0",
      "0",
      "0",
      "0",
      "0",
      "0",
      "1"
    ]
  ],
  "matrix_convention": "[G1,...,G6,P]^T = graph_to_literature * [T1,...,T6,P]^T",
  "prime_witnesses": {
    "32693": {
      "graph_rank": 7,
      "identity": "667c3284f500433a4bbbf9d933b5461ce65c94e2f0a4dcefbcd647d5654a3318",
      "prime": 32693,
      "samples": [
        {
          "coordinates": [
            15935,
            6251,
            357,
            4418,
            22485,
            25162,
            2155,
            30320,
            2129,
            24980,
            20958,
            10153,
            17015,
            13644,
            18417,
            19301,
            7571,
            22964,
            25090,
            5663,
            11637,
            28212,
            13746,
            26914,
            29956,
            6673,
            24977,
            17272,
            13244,
            22928,
            6660,
            1438,
            17213,
            31822,
            24464,
            7742,
            4851,
            31454,
            25206,
            32189,
            8931,
            1467,
            27049,
            9030,
            1944,
            4776,
            28049,
            26992,
            1590,
            19651,
            20312,
            6180,
            12766,
            21536,
            3370,
            27157,
            14750,
            15410,
            7170,
            24349,
            7306,
            26602,
            7078,
            18878,
            3836,
            23567,
            25619,
            13002,
            31755,
            29420,
            20304,
            9497,
            12527,
            15862,
            258,
            26181,
            23891,
            17089,
            20384,
            5607,
            24856,
            17371,
            1841,
            6117,
            16014,
            5006,
            12482,
            12748,
            1820,
            4966,
            19869,
            22184,
            2710,
            5397,
            27646,
            3935,
            14828,
            25602,
            5898,
            12089,
            16499,
            13101,
            14948,
            30852,
            31446,
            2889,
            22603,
            29382,
            5042,
            3451,
            1696,
            16510,
            2979,
            11740,
            26729,
            4646,
            212,
            32260,
            26935,
            26313,
            2480,
            17529,
            7420,
            31896,
            2951,
            2024
          ],
          "graphs": [
            19658,
            18819,
            18154,
            778,
            25521,
            27975,
            21406
          ],
          "seed": 2026090700,
          "tensors": [
            19658,
            23635,
            25490,
            18810,
            28399,
            20594,
            21406
          ]
        },
        {
          "coordinates": [
            1675,
            13785,
            21751,
            20456,
            21404,
            1770,
            12710,
            12583,
            32250,
            21669,
            14197,
            3571,
            5901,
            13116,
            21981,
            175,
            6661,
            12994,
            31868,
            852,
            19351,
            20243,
            22734,
            30791,
            27798,
            8278,
            28074,
            2367,
            1027,
            796,
            28065,
            8627,
            25484,
            18239,
            22965,
            9936,
            27701,
            17397,
            31619,
            24866,
            4447,
            4416,
            32466,
            25829,
            20065,
            14338,
            17176,
            228,
            690,
            27059,
            5355,
            326,
            5061,
            20661,
            3741,
            1911,
            9859,
            20187,
            18477,
            15785,
            6893,
            13495,
            30661,
            17231,
            23265,
            9015,
            10905,
            15116,
            12868,
            31680,
            31361,
            13813,
            23658,
            26486,
            27454,
            20113,
            27432,
            20438,
            21095,
            14783,
            27115,
            4894,
            4425,
            27737,
            6160,
            18040,
            29388,
            28831,
            1669,
            15197,
            7321,
            4591,
            27282,
            6086,
            10721,
            21465,
            17175,
            4092,
            24893,
            491,
            15710,
            32459,
            19278,
            17209,
            16207,
            32441,
            671,
            29726,
            6571,
            5550,
            29256,
            15156,
            12599,
            24888,
            11001,
            16454,
            27609,
            23285,
            22115,
            30645,
            12018,
            12056,
            1124,
            20142,
            32048,
            19890
          ],
          "graphs": [
            28296,
            5509,
            1419,
            2948,
            27931,
            15533,
            29746
          ],
          "seed": 2026090701,
          "tensors": [
            28296,
            4181,
            31568,
            31873,
            1718,
            29206,
            29746
          ]
        },
        {
          "coordinates": [
            26317,
            15875,
            14850,
            6772,
            4378,
            22996,
            29402,
            25623,
            27645,
            28616,
            14871,
            15926,
            28441,
            9653,
            15051,
            15908,
            21374,
            11346,
            5350,
            30591,
            27486,
            6370,
            29757,
            16784,
            13029,
            21064,
            32418,
            18393,
            30389,
            28876,
            20245,
            28459,
            29759,
            31912,
            19813,
            31646,
            29997,
            29517,
            25032,
            989,
            19013,
            14070,
            31207,
            30665,
            28283,
            20486,
            31712,
            14607,
            29678,
            5909,
            31371,
            6591,
            14814,
            25175,
            24955,
            1258,
            12461,
            29569,
            2860,
            25580,
            12046,
            14167,
            25328,
            19148,
            8735,
            29654,
            30446,
            6250,
            11313,
            2384,
            707,
            10394,
            26454,
            13029,
            32102,
            9257,
            6053,
            23239,
            3317,
            125,
            24321,
            25135,
            6894,
            4795,
            7280,
            23560,
            656,
            2055,
            9257,
            20951,
            28605,
            18737,
            27224,
            19673,
            5730,
            28454,
            29002,
            32426,
            784,
            3188,
            8508,
            25277,
            29510,
            30838,
            28134,
            32527,
            9152,
            23635,
            2829,
            7477,
            12301,
            27914,
            26750,
            23515,
            19661,
            4721,
            18434,
            13910,
            5214,
            15803,
            21611,
            21187,
            2073,
            17609,
            10398,
            488
          ],
          "graphs": [
            29988,
            23660,
            7636,
            14344,
            29606,
            19859,
            5690
          ],
          "seed": 2026090702,
          "tensors": [
            29988,
            7655,
            17530,
            18205,
            17060,
            13342,
            5690
          ]
        },
        {
          "coordinates": [
            779,
            4112,
            11375,
            11930,
            24482,
            17246,
            9943,
            16167,
            17458,
            29739,
            8532,
            23018,
            28432,
            5356,
            4025,
            4991,
            1695,
            32601,
            31232,
            24409,
            31561,
            12937,
            18839,
            9512,
            3609,
            16989,
            20279,
            23370,
            24021,
            25830,
            15757,
            5557,
            25358,
            2265,
            11683,
            17879,
            3703,
            1830,
            19678,
            17305,
            26071,
            4704,
            29255,
            3469,
            17395,
            15035,
            13898,
            15944,
            6991,
            17700,
            13580,
            14693,
            10516,
            17155,
            23618,
            5107,
            12907,
            18479,
            7660,
            26918,
            17753,
            32514,
            28026,
            22436,
            5906,
            434,
            27281,
            31707,
            31630,
            18162,
            30759,
            17199,
            27983,
            6286,
            24059,
            21310,
            2063,
            20352,
            3699,
            32602,
            6623,
            15765,
            18262,
            15213,
            11093,
            29583,
            15536,
            18586,
            1234,
            3524,
            16226,
            19193,
            29035,
            12008,
            28577,
            25095,
            16995,
            18718,
            25042,
            22955,
            6280,
            4147,
            25182,
            30409,
            31979,
            9260,
            3492,
            18248,
            2789,
            15950,
            32145,
            32454,
            7512,
            14491,
            26185,
            12837,
            20427,
            16589,
            18681,
            2193,
            31532,
            2843,
            24424,
            22069,
            1373,
            17856
          ],
          "graphs": [
            22969,
            27093,
            16128,
            1482,
            28060,
            24724,
            24988
          ],
          "seed": 2026090703,
          "tensors": [
            22969,
            28819,
            11299,
            1073,
            28480,
            26299,
            24988
          ]
        },
        {
          "coordinates": [
            13115,
            32071,
            28105,
            15158,
            22077,
            6470,
            9521,
            7078,
            17256,
            30192,
            1545,
            886,
            8874,
            743,
            17176,
            17805,
            22147,
            27358,
            11047,
            31862,
            31680,
            31621,
            19247,
            3275,
            7241,
            15825,
            25974,
            9325,
            9341,
            25947,
            10841,
            19451,
            25688,
            28331,
            22961,
            8799,
            28902,
            30020,
            26087,
            20696,
            12884,
            24004,
            3270,
            13514,
            10187,
            15698,
            22655,
            5054,
            15811,
            26933,
            2689,
            7169,
            6696,
            16223,
            7548,
            15345,
            8613,
            661,
            22966,
            12219,
            534,
            14315,
            14943,
            8641,
            17004,
            25264,
            18453,
            2697,
            26228,
            24861,
            21184,
            858,
            29505,
            4832,
            3100,
            15729,
            14345,
            22830,
            23018,
            14378,
            21525,
            3180,
            14705,
            30761,
            2539,
            11146,
            13898,
            17399,
            29055,
            24894,
            19165,
            15274,
            2670,
            15826,
            22705,
            28700,
            28370,
            25289,
            20521,
            26380,
            9592,
            32662,
            11216,
            14737,
            28266,
            18666,
            7184,
            29836,
            3720,
            12885,
            9515,
            15641,
            30569,
            13280,
            21894,
            31518,
            29833,
            13619,
            30202,
            13016,
            13314,
            31567,
            10654,
            12967,
            19123,
            157
          ],
          "graphs": [
            27334,
            31636,
            9443,
            28727,
            7615,
            18555,
            3226
          ],
          "seed": 2026090704,
          "tensors": [
            27334,
            22393,
            28259,
            32638,
            18109,
            15391,
            3226
          ]
        },
        {
          "coordinates": [
            5252,
            19658,
            6748,
            15626,
            28365,
            9824,
            22318,
            32643,
            4543,
            24452,
            17339,
            15144,
            24263,
            10161,
            7293,
            6589,
            23614,
            19954,
            31526,
            9789,
            7831,
            18034,
            29536,
            3628,
            1121,
            419,
            844,
            10188,
            8100,
            19004,
            29074,
            24991,
            6210,
            27560,
            23652,
            5109,
            629,
            29373,
            14413,
            9405,
            29128,
            30800,
            19642,
            3554,
            15914,
            28986,
            10362,
            9044,
            3719,
            4527,
            24992,
            22510,
            20466,
            23764,
            8675,
            16006,
            24916,
            22929,
            3378,
            10981,
            6559,
            23031,
            110,
            30696,
            32026,
            32541,
            750,
            998,
            2876,
            29130,
            12128,
            6379,
            22085,
            26330,
            20897,
            3707,
            25323,
            8651,
            4988,
            3397,
            7833,
            22809,
            2339,
            21016,
            20084,
            18442,
            20078,
            24087,
            16858,
            22745,
            26452,
            15786,
            10519,
            25874,
            22994,
            19309,
            2202,
            17576,
            3626,
            21715,
            10649,
            1422,
            11461,
            24832,
            17821,
            28766,
            13402,
            2695,
            2784,
            29546,
            11826,
            10132,
            15276,
            16089,
            994,
            13172,
            11092,
            12,
            19178,
            27554,
            26708,
            10054,
            17016,
            20309,
            3926,
            19465
          ],
          "graphs": [
            7888,
            23341,
            13704,
            4119,
            25303,
            15092,
            8481
          ],
          "seed": 2026090705,
          "tensors": [
            7888,
            21978,
            6621,
            19112,
            7165,
            2532,
            8481
          ]
        },
        {
          "coordinates": [
            8231,
            16965,
            30004,
            21891,
            12388,
            19170,
            4614,
            28977,
            11661,
            13445,
            21037,
            22748,
            31392,
            25000,
            25896,
            9246,
            20557,
            23204,
            17252,
            27322,
            11939,
            12404,
            607,
            29530,
            27476,
            28928,
            10559,
            21177,
            1401,
            15517,
            17804,
            19667,
            21417,
            19608,
            32253,
            7195,
            29522,
            18224,
            15480,
            10088,
            4061,
            25875,
            1822,
            7766,
            2604,
            14119,
            16276,
            21898,
            32341,
            3097,
            1753,
            7907,
            21855,
            25604,
            13549,
            3656,
            16287,
            28893,
            23253,
            23098,
            5573,
            11132,
            30282,
            9708,
            32364,
            6125,
            13759,
            14327,
            23183,
            17700,
            3564,
            516,
            13909,
            24513,
            29992,
            21720,
            11097,
            16532,
            9926,
            13909,
            3864,
            26186,
            31911,
            30028,
            1207,
            6391,
            24636,
            13430,
            27989,
            14907,
            24807,
            6680,
            4890,
            9788,
            8667,
            29546,
            4213,
            26879,
            20479,
            5796,
            16480,
            31077,
            17467,
            32673,
            359,
            19581,
            7727,
            19206,
            28645,
            22602,
            16718,
            12100,
            10428,
            20168,
            6351,
            12727,
            13993,
            13374,
            22602,
            16619,
            16366,
            3207,
            11937,
            2124,
            10701,
            4758
          ],
          "graphs": [
            27897,
            31022,
            11850,
            17042,
            6397,
            22327,
            23947
          ],
          "seed": 2026090706,
          "tensors": [
            27897,
            10980,
            1303,
            22735,
            5114,
            28265,
            23947
          ]
        },
        {
          "coordinates": [
            25303,
            24055,
            23936,
            4636,
            14453,
            3501,
            5334,
            20443,
            16517,
            25527,
            23571,
            7092,
            23794,
            28665,
            28953,
            29133,
            16469,
            2479,
            1286,
            6786,
            10116,
            18996,
            17812,
            18088,
            19283,
            3080,
            15623,
            13097,
            23563,
            24939,
            26108,
            16534,
            16938,
            26020,
            3633,
            24143,
            2182,
            21360,
            2153,
            31614,
            24591,
            3685,
            10795,
            30696,
            22052,
            18191,
            2959,
            25023,
            9220,
            29597,
            1691,
            30437,
            9173,
            8336,
            14005,
            4179,
            5416,
            2722,
            7800,
            2012,
            32262,
            8297,
            25086,
            596,
            22415,
            31938,
            26025,
            22023,
            32408,
            6808,
            25341,
            16418,
            4512,
            14453,
            30471,
            15764,
            21172,
            8132,
            17403,
            17266,
            22273,
            27646,
            20800,
            17413,
            30055,
            17532,
            14306,
            11555,
            8993,
            22670,
            30991,
            10161,
            26380,
            27440,
            2741,
            27346,
            20701,
            22323,
            27838,
            6864,
            29270,
            19055,
            21214,
            7837,
            13486,
            22679,
            12087,
            17688,
            11911,
            13533,
            19607,
            8141,
            22062,
            421,
            5530,
            23567,
            17517,
            3918,
            9831,
            13843,
            7050,
            11864,
            18700,
            24154,
            26785,
            3850
          ],
          "graphs": [
            11585,
            12066,
            532,
            25158,
            19558,
            13365,
            8240
          ],
          "seed": 2026090707,
          "tensors": [
            11585,
            2082,
            15940,
            1029,
            12915,
            22212,
            8240
          ]
        },
        {
          "coordinates": [
            16608,
            13214,
            19132,
            10914,
            18628,
            20148,
            17834,
            8544,
            16366,
            16868,
            4443,
            23683,
            16004,
            22808,
            28919,
            9025,
            23368,
            16614,
            13181,
            21301,
            20103,
            23482,
            27247,
            15351,
            3514,
            10940,
            17006,
            19469,
            17133,
            22211,
            17176,
            32476,
            30625,
            13051,
            17644,
            4790,
            32501,
            3986,
            18747,
            9411,
            15667,
            22573,
            29149,
            3246,
            29655,
            13711,
            15279,
            3752,
            31708,
            27471,
            22746,
            7840,
            24396,
            6245,
            13349,
            2898,
            5614,
            22135,
            11182,
            8320,
            27325,
            27071,
            17484,
            3300,
            22601,
            8870,
            17302,
            18766,
            19925,
            10622,
            25541,
            19487,
            5058,
            28657,
            29606,
            32447,
            15919,
            29445,
            3820,
            26477,
            1457,
            7844,
            25783,
            16347,
            9368,
            22816,
            869,
            2842,
            26900,
            10026,
            476,
            14192,
            31909,
            19607,
            28751,
            30009,
            13714,
            23123,
            31493,
            26460,
            4543,
            7772,
            6153,
            31575,
            18584,
            21002,
            7496,
            24762,
            21774,
            21841,
            21713,
            31884,
            11958,
            29245,
            25486,
            25648,
            24382,
            28529,
            16967,
            8738,
            13597,
            19028,
            9578,
            18595,
            14627,
            22477
          ],
          "graphs": [
            11483,
            18942,
            19387,
            7523,
            32104,
            460,
            22002
          ],
          "seed": 2026090708,
          "tensors": [
            11483,
            23594,
            10537,
            8399,
            13861,
            13695,
            22002
          ]
        },
        {
          "coordinates": [
            7815,
            27616,
            5595,
            4637,
            18061,
            2705,
            11301,
            7251,
            23901,
            28055,
            6215,
            2994,
            29659,
            12744,
            2518,
            12019,
            10183,
            7962,
            14228,
            20804,
            21156,
            17526,
            3778,
            2252,
            26155,
            8674,
            15411,
            13751,
            3012,
            14564,
            4438,
            28733,
            9843,
            17472,
            7232,
            17633,
            21873,
            28542,
            13448,
            21375,
            29191,
            4945,
            17417,
            22313,
            30795,
            29847,
            31852,
            12945,
            18861,
            18900,
            8076,
            10508,
            21217,
            13861,
            28295,
            19939,
            4809,
            12629,
            19831,
            23495,
            4024,
            14399,
            2625,
            10188,
            26993,
            3089,
            18300,
            14588,
            5102,
            924,
            15785,
            2473,
            28937,
            32087,
            23609,
            3651,
            30072,
            28363,
            3913,
            25353,
            32312,
            25556,
            30212,
            28952,
            3613,
            28902,
            32681,
            23777,
            7449,
            23574,
            31230,
            29240,
            1792,
            18389,
            31519,
            963,
            4950,
            20133,
            26745,
            2492,
            392,
            25660,
            25428,
            24762,
            29901,
            22746,
            20939,
            4769,
            11964,
            10045,
            22553,
            28274,
            4769,
            15835,
            22523,
            7202,
            26897,
            29048,
            32075,
            16359,
            26501,
            14003,
            12408,
            25930,
            19598,
            12965
          ],
          "graphs": [
            12580,
            19078,
            14032,
            10374,
            4159,
            783,
            1747
          ],
          "seed": 2026090801,
          "tensors": [
            12580,
            1758,
            1598,
            6799,
            6983,
            30521,
            1747
          ]
        },
        {
          "coordinates": [
            13903,
            5090,
            17839,
            10184,
            25271,
            24815,
            19724,
            6368,
            7725,
            3796,
            27558,
            14914,
            18226,
            5865,
            7409,
            19707,
            13572,
            10475,
            19513,
            8964,
            11501,
            23952,
            6808,
            12506,
            29918,
            16905,
            7313,
            10007,
            17501,
            25587,
            26669,
            29736,
            12146,
            3730,
            31136,
            18513,
            15991,
            10301,
            18407,
            2736,
            28429,
            2600,
            22216,
            32310,
            19743,
            22772,
            10279,
            13937,
            21858,
            7294,
            11813,
            19173,
            11623,
            8174,
            4660,
            16435,
            28568,
            16213,
            1608,
            14853,
            306,
            2293,
            27006,
            30353,
            23362,
            29182,
            4919,
            5473,
            17660,
            19423,
            23527,
            418,
            15939,
            9886,
            29137,
            17901,
            28753,
            23284,
            29691,
            5441,
            6592,
            20220,
            2041,
            30680,
            11429,
            8295,
            12308,
            1240,
            11674,
            3000,
            29509,
            25440,
            10887,
            22733,
            22340,
            22030,
            23929,
            2369,
            1657,
            28467,
            9951,
            24012,
            19162,
            29175,
            4370,
            16721,
            5613,
            10153,
            19741,
            11593,
            17702,
            16068,
            10234,
            9280,
            2809,
            25012,
            7550,
            11438,
            13607,
            1565,
            27128,
            13423,
            20796,
            10797,
            2937,
            4274
          ],
          "graphs": [
            15500,
            16953,
            18285,
            32475,
            12146,
            11900,
            1744
          ],
          "seed": 2026090802,
          "tensors": [
            15500,
            15666,
            10281,
            6250,
            15404,
            20574,
            1744
          ]
        },
        {
          "coordinates": [
            19095,
            2610,
            27299,
            14384,
            32170,
            20693,
            27197,
            28064,
            12413,
            2864,
            11702,
            28112,
            21592,
            9626,
            8282,
            10062,
            9678,
            6712,
            6303,
            21028,
            5042,
            20381,
            22432,
            32624,
            31054,
            11918,
            31602,
            13662,
            5159,
            17576,
            11800,
            7622,
            19832,
            29983,
            10922,
            22225,
            2681,
            19897,
            13211,
            5019,
            22764,
            17540,
            2667,
            4986,
            20583,
            11677,
            19153,
            24643,
            3664,
            25888,
            32053,
            2329,
            13589,
            5514,
            22921,
            4722,
            25367,
            3262,
            20697,
            19598,
            6141,
            11175,
            9297,
            30572,
            20649,
            1555,
            20575,
            13653,
            16451,
            3595,
            19905,
            22536,
            6009,
            11424,
            24603,
            18147,
            18047,
            16196,
            2137,
            12213,
            3314,
            26250,
            20395,
            30575,
            11268,
            23078,
            9882,
            8443,
            2249,
            19350,
            12898,
            1654,
            26812,
            10006,
            16781,
            4478,
            1316,
            9339,
            23372,
            32637,
            7215,
            21733,
            30309,
            26985,
            892,
            10989,
            26347,
            30345,
            10101,
            31625,
            21500,
            17352,
            21722,
            8739,
            14417,
            27476,
            16828,
            18792,
            6378,
            31017,
            25670,
            4656,
            2844,
            4570,
            12876,
            22819
          ],
          "graphs": [
            24249,
            3647,
            18761,
            17271,
            13421,
            24725,
            8920
          ],
          "seed": 2026090803,
          "tensors": [
            24249,
            15804,
            30346,
            12016,
            32655,
            19155,
            8920
          ]
        }
      ],
      "tensor_rank": 7,
      "tensor_to_graph_matrix_mod_p": [
        [
          1,
          0,
          0,
          0,
          0,
          0,
          0
        ],
        [
          17514,
          1,
          0,
          0,
          0,
          0,
          30358
        ],
        [
          2343,
          0,
          22231,
          0,
          0,
          0,
          109
        ],
        [
          23284,
          16826,
          6495,
          850,
          19315,
          20662,
          12922
        ],
        [
          0,
          28116,
          0,
          27462,
          0,
          0,
          0
        ],
        [
          30946,
          31116,
          11585,
          17893,
          9462,
          29600,
          28964
        ],
        [
          0,
          0,
          0,
          0,
          0,
          0,
          1
        ]
      ]
    },
    "32713": {
      "graph_rank": 7,
      "identity": "667c3284f500433a4bbbf9d933b5461ce65c94e2f0a4dcefbcd647d5654a3318",
      "prime": 32713,
      "samples": [
        {
          "coordinates": [
            15944,
            6255,
            357,
            4420,
            22499,
            25178,
            2156,
            30339,
            2131,
            24995,
            20971,
            10159,
            17025,
            13653,
            18428,
            19313,
            7576,
            22978,
            25105,
            5666,
            11644,
            28230,
            13755,
            26931,
            29975,
            6677,
            24992,
            17283,
            13252,
            22942,
            6664,
            1439,
            17224,
            31842,
            24479,
            7747,
            4854,
            31473,
            25221,
            32208,
            8936,
            1468,
            27065,
            9035,
            1945,
            4779,
            28066,
            27009,
            1591,
            19663,
            20325,
            6184,
            12774,
            21549,
            3372,
            27174,
            14759,
            15419,
            7174,
            24364,
            7310,
            26619,
            7082,
            18890,
            3839,
            23582,
            25635,
            13010,
            31775,
            29438,
            20316,
            9503,
            12535,
            15871,
            259,
            26197,
            23906,
            17100,
            20397,
            5610,
            24871,
            17382,
            1843,
            6121,
            16024,
            5009,
            12490,
            12756,
            1821,
            4969,
            19881,
            22197,
            2712,
            5401,
            27663,
            3938,
            14838,
            25618,
            5902,
            12096,
            16509,
            13109,
            14957,
            30871,
            31466,
            2891,
            22617,
            29400,
            5046,
            3453,
            1697,
            16520,
            2981,
            11747,
            26745,
            4649,
            212,
            32280,
            26952,
            26329,
            2481,
            17540,
            7425,
            31916,
            2953,
            2025
          ],
          "graphs": [
            32391,
            30850,
            3270,
            9267,
            12673,
            14784,
            22991
          ],
          "seed": 2026090700,
          "tensors": [
            32391,
            17118,
            24613,
            5715,
            2122,
            29307,
            22991
          ]
        },
        {
          "coordinates": [
            1676,
            13793,
            21764,
            20469,
            21417,
            1771,
            12718,
            12591,
            32269,
            21682,
            14205,
            3573,
            5905,
            13124,
            21995,
            176,
            6665,
            13002,
            31887,
            852,
            19363,
            20255,
            22748,
            30810,
            27815,
            8283,
            28091,
            2369,
            1028,
            797,
            28082,
            8632,
            25500,
            18250,
            22979,
            9942,
            27718,
            17407,
            31638,
            24881,
            4450,
            4419,
            32486,
            25845,
            20077,
            14347,
            17186,
            229,
            690,
            27075,
            5359,
            326,
            5064,
            20673,
            3743,
            1912,
            9865,
            20199,
            18488,
            15794,
            6898,
            13503,
            30680,
            17242,
            23279,
            9020,
            10911,
            15125,
            12876,
            31700,
            31380,
            13822,
            23673,
            26502,
            27471,
            20125,
            27449,
            20451,
            21108,
            14793,
            27131,
            4897,
            4428,
            27754,
            6164,
            18051,
            29406,
            28848,
            1670,
            15206,
            7325,
            4594,
            27299,
            6090,
            10728,
            21478,
            17185,
            4094,
            24908,
            491,
            15719,
            32479,
            19289,
            17220,
            16217,
            32461,
            672,
            29744,
            6575,
            5553,
            29274,
            15165,
            12607,
            24903,
            11008,
            16464,
            27626,
            23299,
            22128,
            30664,
            12025,
            12063,
            1125,
            20154,
            32068,
            19902
          ],
          "graphs": [
            10003,
            30822,
            22611,
            20283,
            19265,
            1099,
            29906
          ],
          "seed": 2026090701,
          "tensors": [
            10003,
            4614,
            4502,
            7795,
            32204,
            5574,
            29906
          ]
        },
        {
          "coordinates": [
            26333,
            15884,
            14859,
            6777,
            4381,
            23010,
            29420,
            25639,
            27662,
            28633,
            14881,
            15936,
            28458,
            9659,
            15060,
            15918,
            21387,
            11353,
            5353,
            30610,
            27503,
            6374,
            29775,
            16794,
            13037,
            21076,
            32438,
            18404,
            30407,
            28894,
            20257,
            28476,
            29777,
            31931,
            19825,
            31666,
            30015,
            29535,
            25047,
            989,
            19025,
            14078,
            31226,
            30684,
            28300,
            20499,
            31731,
            14616,
            29696,
            5912,
            31391,
            6595,
            14823,
            25191,
            24970,
            1259,
            12469,
            29587,
            2861,
            25596,
            12054,
            14176,
            25344,
            19160,
            8740,
            29672,
            30465,
            6253,
            11320,
            2386,
            707,
            10400,
            26470,
            13037,
            32121,
            9263,
            6057,
            23254,
            3319,
            125,
            24336,
            25150,
            6899,
            4798,
            7284,
            23575,
            656,
            2057,
            9262,
            20964,
            28623,
            18748,
            27241,
            19685,
            5734,
            28472,
            29020,
            32446,
            784,
            3190,
            8513,
            25293,
            29528,
            30857,
            28152,
            32547,
            9158,
            23649,
            2831,
            7482,
            12308,
            27932,
            26767,
            23530,
            19673,
            4724,
            18445,
            13919,
            5217,
            15812,
            21624,
            21200,
            2075,
            17620,
            10405,
            489
          ],
          "graphs": [
            13301,
            25868,
            14969,
            6782,
            15502,
            28430,
            12794
          ],
          "seed": 2026090702,
          "tensors": [
            13301,
            7323,
            163,
            2655,
            31108,
            5433,
            12794
          ]
        },
        {
          "coordinates": [
            779,
            4114,
            11382,
            11937,
            24497,
            17257,
            9950,
            16177,
            17469,
            29757,
            8537,
            23032,
            28449,
            5360,
            4028,
            4994,
            1696,
            32621,
            31251,
            24424,
            31581,
            12945,
            18850,
            9518,
            3611,
            16999,
            20292,
            23384,
            24035,
            25846,
            15767,
            5560,
            25374,
            2266,
            11690,
            17890,
            3705,
            1831,
            19690,
            17316,
            26087,
            4707,
            29273,
            3471,
            17405,
            15045,
            13907,
            15954,
            6995,
            17711,
            13589,
            14702,
            10523,
            17166,
            23632,
            5110,
            12915,
            18490,
            7665,
            26934,
            17764,
            32534,
            28043,
            22450,
            5909,
            434,
            27298,
            31726,
            31650,
            18173,
            30778,
            17209,
            28000,
            6290,
            24074,
            21323,
            2065,
            20365,
            3701,
            32622,
            6627,
            15775,
            18273,
            15222,
            11100,
            29601,
            15545,
            18598,
            1234,
            3526,
            16236,
            19204,
            29053,
            12016,
            28595,
            25110,
            17005,
            18730,
            25057,
            22969,
            6284,
            4150,
            25198,
            30428,
            31999,
            9266,
            3494,
            18259,
            2791,
            15960,
            32165,
            32473,
            7517,
            14499,
            26201,
            12845,
            20440,
            16600,
            18693,
            2194,
            31552,
            2844,
            24439,
            22082,
            1374,
            17867
          ],
          "graphs": [
            20788,
            20816,
            22811,
            30013,
            15695,
            24044,
            16837
          ],
          "seed": 2026090703,
          "tensors": [
            20788,
            19860,
            27993,
            23883,
            12517,
            25983,
            16837
          ]
        },
        {
          "coordinates": [
            13124,
            32091,
            28122,
            15167,
            22091,
            6474,
            9526,
            7082,
            17266,
            30210,
            1546,
            886,
            8879,
            743,
            17186,
            17816,
            22160,
            27374,
            11054,
            31881,
            31700,
            31640,
            19259,
            3277,
            7245,
            15835,
            25990,
            9331,
            9347,
            25963,
            10848,
            19463,
            25704,
            28348,
            22975,
            8804,
            28920,
            30038,
            26103,
            20709,
            12892,
            24018,
            3272,
            13522,
            10193,
            15708,
            22669,
            5057,
            15821,
            26950,
            2691,
            7174,
            6701,
            16233,
            7553,
            15355,
            8618,
            662,
            22980,
            12226,
            535,
            14324,
            14952,
            8646,
            17015,
            25279,
            18465,
            2698,
            26244,
            24877,
            21197,
            859,
            29523,
            4835,
            3101,
            15739,
            14354,
            22844,
            23032,
            14387,
            21539,
            3182,
            14714,
            30780,
            2540,
            11153,
            13906,
            17409,
            29073,
            24909,
            19176,
            15283,
            2672,
            15836,
            22719,
            28718,
            28387,
            25304,
            20533,
            26397,
            9598,
            32682,
            11223,
            14746,
            28283,
            18678,
            7188,
            29854,
            3722,
            12893,
            9520,
            15651,
            30588,
            13288,
            21907,
            31537,
            29851,
            13627,
            30221,
            13024,
            13322,
            31586,
            10661,
            12975,
            19135,
            157
          ],
          "graphs": [
            25324,
            10289,
            23019,
            31583,
            29857,
            9016,
            11791
          ],
          "seed": 2026090704,
          "tensors": [
            25324,
            12439,
            18019,
            32118,
            24549,
            24305,
            11791
          ]
        },
        {
          "coordinates": [
            5256,
            19670,
            6752,
            15636,
            28382,
            9830,
            22332,
            32663,
            4546,
            24467,
            17350,
            15153,
            24278,
            10167,
            7297,
            6593,
            23629,
            19966,
            31545,
            9795,
            7836,
            18045,
            29554,
            3631,
            1122,
            419,
            844,
            10194,
            8105,
            19015,
            29092,
            25007,
            6214,
            27577,
            23666,
            5112,
            629,
            29391,
            14422,
            9411,
            29146,
            30818,
            19654,
            3556,
            15924,
            29004,
            10368,
            9050,
            3722,
            4530,
            25007,
            22523,
            20478,
            23778,
            8680,
            16016,
            24931,
            22943,
            3380,
            10987,
            6563,
            23045,
            110,
            30715,
            32046,
            32561,
            750,
            998,
            2878,
            29148,
            12135,
            6382,
            22099,
            26346,
            20910,
            3709,
            25338,
            8656,
            4991,
            3399,
            7838,
            22823,
            2340,
            21029,
            20097,
            18453,
            20090,
            24101,
            16868,
            22759,
            26468,
            15795,
            10525,
            25890,
            23008,
            19321,
            2203,
            17587,
            3628,
            21728,
            10656,
            1422,
            11468,
            24847,
            17831,
            28784,
            13410,
            2696,
            2786,
            29564,
            11834,
            10138,
            15286,
            16099,
            994,
            13180,
            11099,
            12,
            19190,
            27571,
            26724,
            10060,
            17027,
            20321,
            3929,
            19477
          ],
          "graphs": [
            20809,
            15045,
            7632,
            17533,
            4426,
            15663,
            1522
          ],
          "seed": 2026090705,
          "tensors": [
            20809,
            7300,
            25881,
            1154,
            18479,
            820,
            1522
          ]
        },
        {
          "coordinates": [
            8236,
            16975,
            30022,
            21905,
            12395,
            19181,
            4617,
            28994,
            11668,
            13453,
            21050,
            22762,
            31411,
            25015,
            25912,
            9252,
            20569,
            23219,
            17263,
            27338,
            11946,
            12412,
            607,
            29548,
            27493,
            28946,
            10565,
            21190,
            1402,
            15526,
            17814,
            19679,
            21430,
            19620,
            32273,
            7199,
            29540,
            18235,
            15490,
            10094,
            4064,
            25891,
            1823,
            7771,
            2606,
            14128,
            16286,
            21911,
            32361,
            3099,
            1754,
            7912,
            21868,
            25620,
            13557,
            3658,
            16296,
            28911,
            23267,
            23112,
            5577,
            11139,
            30300,
            9714,
            32384,
            6129,
            13768,
            14336,
            23197,
            17711,
            3566,
            516,
            13918,
            24528,
            30010,
            21733,
            11104,
            16542,
            9932,
            13917,
            3867,
            26202,
            31930,
            30047,
            1208,
            6394,
            24651,
            13438,
            28006,
            14917,
            24823,
            6684,
            4893,
            9794,
            8673,
            29564,
            4216,
            26896,
            20492,
            5800,
            16490,
            31096,
            17477,
            32693,
            360,
            19593,
            7731,
            19218,
            28662,
            22616,
            16729,
            12108,
            10434,
            20181,
            6355,
            12735,
            14001,
            13382,
            22615,
            16629,
            16376,
            3209,
            11944,
            2126,
            10707,
            4761
          ],
          "graphs": [
            24324,
            4140,
            24688,
            32461,
            9363,
            29653,
            12754
          ],
          "seed": 2026090706,
          "tensors": [
            24324,
            22960,
            4445,
            30813,
            30209,
            5443,
            12754
          ]
        },
        {
          "coordinates": [
            25318,
            24069,
            23951,
            4639,
            14462,
            3503,
            5337,
            20455,
            16527,
            25543,
            23586,
            7096,
            23808,
            28682,
            28970,
            29151,
            16479,
            2480,
            1287,
            6790,
            10122,
            19008,
            17823,
            18099,
            19294,
            3082,
            15633,
            13105,
            23577,
            24954,
            26124,
            16544,
            16948,
            26036,
            3635,
            24157,
            2183,
            21373,
            2154,
            31633,
            24606,
            3688,
            10801,
            30715,
            22066,
            18202,
            2961,
            25038,
            9225,
            29615,
            1692,
            30456,
            9178,
            8341,
            14014,
            4182,
            5420,
            2723,
            7804,
            2014,
            32282,
            8302,
            25101,
            596,
            22429,
            31958,
            26041,
            22036,
            32428,
            6812,
            25356,
            16428,
            4515,
            14462,
            30490,
            15774,
            21185,
            8137,
            17414,
            17277,
            22286,
            27662,
            20813,
            17423,
            30073,
            17542,
            14315,
            11562,
            8998,
            22684,
            31010,
            10167,
            26396,
            27457,
            2742,
            27363,
            20714,
            22336,
            27855,
            6868,
            29288,
            19066,
            21227,
            7842,
            13494,
            22693,
            12094,
            17699,
            11919,
            13541,
            19619,
            8146,
            22075,
            422,
            5533,
            23582,
            17528,
            3920,
            9837,
            13852,
            7054,
            11872,
            18711,
            24168,
            26801,
            3852
          ],
          "graphs": [
            6241,
            12015,
            9637,
            8075,
            8004,
            23286,
            4372
          ],
          "seed": 2026090707,
          "tensors": [
            6241,
            29808,
            7777,
            15680,
            28713,
            11248,
            4372
          ]
        },
        {
          "coordinates": [
            16618,
            13222,
            19143,
            10920,
            18640,
            20160,
            17845,
            8549,
            16376,
            16879,
            4446,
            23697,
            16014,
            22822,
            28937,
            9030,
            23382,
            16624,
            13190,
            21314,
            20115,
            23496,
            27264,
            15360,
            3516,
            10947,
            17017,
            19481,
            17143,
            22225,
            17186,
            32495,
            30643,
            13059,
            17655,
            4793,
            32521,
            3988,
            18759,
            9417,
            15676,
            22587,
            29167,
            3248,
            29673,
            13720,
            15289,
            3754,
            31727,
            27488,
            22760,
            7845,
            24411,
            6249,
            13357,
            2899,
            5618,
            22149,
            11189,
            8325,
            27342,
            27087,
            17495,
            3302,
            22615,
            8875,
            17313,
            18778,
            19937,
            10629,
            25557,
            19499,
            5062,
            28674,
            29624,
            32467,
            15929,
            29463,
            3822,
            26493,
            1458,
            7849,
            25799,
            16357,
            9373,
            22830,
            870,
            2843,
            26916,
            10032,
            477,
            14200,
            31928,
            19619,
            28768,
            30028,
            13723,
            23137,
            31512,
            26476,
            4546,
            7777,
            6156,
            31594,
            18596,
            21015,
            7500,
            24777,
            21788,
            21854,
            21726,
            31904,
            11966,
            29262,
            25501,
            25664,
            24397,
            28546,
            16978,
            8744,
            13605,
            19039,
            9584,
            18606,
            14635,
            22491
          ],
          "graphs": [
            14086,
            8690,
            1766,
            19202,
            4278,
            6116,
            23705
          ],
          "seed": 2026090708,
          "tensors": [
            14086,
            21607,
            10839,
            8483,
            26657,
            19162,
            23705
          ]
        },
        {
          "coordinates": [
            7820,
            27632,
            5598,
            4640,
            18072,
            2707,
            11308,
            7255,
            23915,
            28072,
            6219,
            2996,
            29678,
            12752,
            2519,
            12026,
            10189,
            7967,
            14236,
            20817,
            21169,
            17536,
            3781,
            2253,
            26171,
            8679,
            15420,
            13759,
            3014,
            14573,
            4440,
            28751,
            9849,
            17483,
            7236,
            17644,
            21887,
            28560,
            13456,
            21388,
            29209,
            4948,
            17428,
            22326,
            30814,
            29865,
            31871,
            12953,
            18872,
            18912,
            8081,
            10514,
            21230,
            13869,
            28312,
            19951,
            4812,
            12637,
            19843,
            23509,
            4026,
            14408,
            2627,
            10194,
            27009,
            3091,
            18311,
            14597,
            5105,
            925,
            15794,
            2474,
            28955,
            32107,
            23624,
            3654,
            30090,
            28380,
            3915,
            25368,
            32331,
            25572,
            30230,
            28970,
            3615,
            28919,
            32701,
            23791,
            7454,
            23588,
            31249,
            29258,
            1793,
            18401,
            31539,
            964,
            4953,
            20145,
            26761,
            2494,
            392,
            25676,
            25443,
            24777,
            29919,
            22760,
            20951,
            4772,
            11971,
            10051,
            22566,
            28292,
            4772,
            15845,
            22537,
            7206,
            26914,
            29066,
            32094,
            16369,
            26517,
            14011,
            12416,
            25946,
            19610,
            12973
          ],
          "graphs": [
            15612,
            29311,
            11168,
            13316,
            4645,
            14589,
            26025
          ],
          "seed": 2026090801,
          "tensors": [
            15612,
            7512,
            25759,
            31502,
            28430,
            18210,
            26025
          ]
        },
        {
          "coordinates": [
            13912,
            5093,
            17850,
            10190,
            25287,
            24830,
            19736,
            6372,
            7730,
            3798,
            27575,
            14923,
            18238,
            5869,
            7413,
            19719,
            13580,
            10481,
            19525,
            8969,
            11508,
            23966,
            6812,
            12513,
            29936,
            16916,
            7317,
            10013,
            17512,
            25603,
            26686,
            29754,
            12154,
            3732,
            31155,
            18524,
            16001,
            10307,
            18418,
            2738,
            28446,
            2602,
            22230,
            32330,
            19755,
            22786,
            10285,
            13946,
            21872,
            7298,
            11820,
            19185,
            11630,
            8179,
            4663,
            16445,
            28586,
            16223,
            1609,
            14862,
            306,
            2294,
            27022,
            30371,
            23377,
            29200,
            4922,
            5476,
            17671,
            19435,
            23542,
            418,
            15949,
            9892,
            29155,
            17912,
            28771,
            23298,
            29709,
            5444,
            6596,
            20232,
            2043,
            30699,
            11436,
            8300,
            12316,
            1241,
            11681,
            3002,
            29527,
            25455,
            10894,
            22747,
            22354,
            22044,
            23943,
            2371,
            1658,
            28485,
            9957,
            24027,
            19174,
            29193,
            4373,
            16731,
            5616,
            10160,
            19754,
            11600,
            17712,
            16078,
            10241,
            9286,
            2811,
            25027,
            7555,
            11445,
            13615,
            1566,
            27145,
            13431,
            20808,
            10804,
            2939,
            4277
          ],
          "graphs": [
            22063,
            30236,
            25987,
            15202,
            672,
            4365,
            23130
          ],
          "seed": 2026090802,
          "tensors": [
            22063,
            19977,
            14240,
            1323,
            89,
            19394,
            23130
          ]
        },
        {
          "coordinates": [
            19107,
            2611,
            27316,
            14393,
            32190,
            20706,
            27214,
            28081,
            12420,
            2866,
            11709,
            28129,
            21605,
            9632,
            8287,
            10068,
            9683,
            6716,
            6307,
            21041,
            5045,
            20393,
            22446,
            32644,
            31073,
            11925,
            31621,
            13670,
            5163,
            17587,
            11807,
            7627,
            19845,
            30002,
            10929,
            22238,
            2683,
            19909,
            13219,
            5022,
            22778,
            17551,
            2668,
            4989,
            20596,
            11684,
            19164,
            24658,
            3666,
            25904,
            32073,
            2331,
            13597,
            5518,
            22935,
            4725,
            25383,
            3264,
            20709,
            19610,
            6145,
            11182,
            9302,
            30591,
            20662,
            1556,
            20587,
            13661,
            16461,
            3597,
            19917,
            22550,
            6013,
            11431,
            24618,
            18158,
            18058,
            16206,
            2138,
            12220,
            3316,
            26266,
            20408,
            30594,
            11275,
            23092,
            9888,
            8449,
            2250,
            19362,
            12906,
            1655,
            26828,
            10012,
            16791,
            4481,
            1317,
            9345,
            23386,
            32657,
            7219,
            21746,
            30328,
            27002,
            893,
            10996,
            26363,
            30364,
            10108,
            31644,
            21513,
            17363,
            21735,
            8745,
            14426,
            27493,
            16839,
            18804,
            6382,
            31036,
            25686,
            4659,
            2846,
            4573,
            12884,
            22833
          ],
          "graphs": [
            1044,
            13753,
            12482,
            4815,
            24442,
            19783,
            31256
          ],
          "seed": 2026090803,
          "tensors": [
            1044,
            6319,
            11911,
            25123,
            31756,
            18495,
            31256
          ]
        }
      ],
      "tensor_rank": 7,
      "tensor_to_graph_matrix_mod_p": [
        [
          1,
          0,
          0,
          0,
          0,
          0,
          0
        ],
        [
          22198,
          1,
          0,
          0,
          0,
          0,
          21030
        ],
        [
          1254,
          0,
          15702,
          0,
          0,
          0,
          17556
        ],
        [
          26983,
          8549,
          19148,
          32255,
          18280,
          11515,
          20005
        ],
        [
          0,
          15048,
          0,
          7851,
          0,
          0,
          0
        ],
        [
          32034,
          1937,
          19972,
          12224,
          21091,
          8265,
          4817
        ],
        [
          0,
          0,
          0,
          0,
          0,
          0,
          1
        ]
      ]
    },
    "32717": {
      "graph_rank": 7,
      "identity": "667c3284f500433a4bbbf9d933b5461ce65c94e2f0a4dcefbcd647d5654a3318",
      "prime": 32717,
      "samples": [
        {
          "coordinates": [
            15946,
            6256,
            357,
            4421,
            22502,
            25181,
            2156,
            30343,
            2131,
            24998,
            20973,
            10161,
            17027,
            13654,
            18430,
            19316,
            7577,
            22981,
            25108,
            5667,
            11645,
            28233,
            13756,
            26934,
            29978,
            6678,
            24995,
            17285,
            13254,
            22944,
            6665,
            1439,
            17226,
            31846,
            24482,
            7748,
            4854,
            31477,
            25224,
            32212,
            8937,
            1468,
            27069,
            9036,
            1946,
            4780,
            28070,
            27012,
            1591,
            19666,
            20327,
            6184,
            12776,
            21552,
            3372,
            27177,
            14760,
            15421,
            7175,
            24367,
            7311,
            26622,
            7083,
            18892,
            3839,
            23585,
            25638,
            13011,
            31779,
            29441,
            20319,
            9504,
            12536,
            15873,
            259,
            26200,
            23909,
            17102,
            20399,
            5611,
            24874,
            17384,
            1843,
            6121,
            16026,
            5010,
            12491,
            12758,
            1821,
            4969,
            19884,
            22200,
            2712,
            5401,
            27666,
            3938,
            14839,
            25621,
            5902,
            12098,
            16511,
            13111,
            14959,
            30874,
            31470,
            2891,
            22619,
            29403,
            5046,
            3453,
            1697,
            16522,
            2981,
            11749,
            26749,
            4650,
            212,
            32284,
            26955,
            26333,
            2481,
            17542,
            7425,
            31920,
            2953,
            2025
          ],
          "graphs": [
            27045,
            23740,
            15695,
            5398,
            30236,
            14460,
            15614
          ],
          "seed": 2026090700,
          "tensors": [
            27045,
            13672,
            296,
            5387,
            28618,
            23485,
            15614
          ]
        },
        {
          "coordinates": [
            1676,
            13795,
            21767,
            20471,
            21420,
            1771,
            12719,
            12592,
            32273,
            21685,
            14207,
            3574,
            5905,
            13126,
            21997,
            176,
            6666,
            13003,
            31891,
            852,
            19365,
            20258,
            22751,
            30813,
            27818,
            8284,
            28095,
            2369,
            1028,
            797,
            28085,
            8633,
            25503,
            18252,
            22981,
            9943,
            27721,
            17409,
            31642,
            24884,
            4450,
            4420,
            32490,
            25848,
            20080,
            14349,
            17189,
            229,
            690,
            27079,
            5359,
            326,
            5065,
            20676,
            3744,
            1912,
            9866,
            20202,
            18491,
            15796,
            6898,
            13505,
            30684,
            17244,
            23282,
            9021,
            10913,
            15127,
            12878,
            31703,
            31384,
            13823,
            23676,
            26505,
            27475,
            20128,
            27452,
            20453,
            21111,
            14794,
            27135,
            4897,
            4428,
            27758,
            6165,
            18053,
            29410,
            28852,
            1670,
            15208,
            7326,
            4595,
            27302,
            6090,
            10729,
            21481,
            17188,
            4095,
            24911,
            491,
            15721,
            32483,
            19292,
            17222,
            16219,
            32465,
            672,
            29747,
            6576,
            5554,
            29278,
            15167,
            12608,
            24906,
            11009,
            16466,
            27629,
            23302,
            22131,
            30667,
            12027,
            12064,
            1125,
            20157,
            32072,
            19905
          ],
          "graphs": [
            13004,
            12617,
            6551,
            17359,
            10198,
            27432,
            8595
          ],
          "seed": 2026090701,
          "tensors": [
            13004,
            29424,
            27550,
            14225,
            5367,
            24620,
            8595
          ]
        },
        {
          "coordinates": [
            26336,
            15886,
            14861,
            6777,
            4382,
            23013,
            29423,
            25642,
            27665,
            28637,
            14882,
            15938,
            28462,
            9660,
            15062,
            15920,
            21390,
            11354,
            5354,
            30614,
            27507,
            6374,
            29779,
            16796,
            13039,
            21079,
            32442,
            18406,
            30411,
            28897,
            20260,
            28480,
            29781,
            31935,
            19828,
            31670,
            30019,
            29538,
            25051,
            989,
            19027,
            14080,
            31230,
            30688,
            28304,
            20501,
            31735,
            14618,
            29700,
            5913,
            31394,
            6596,
            14825,
            25194,
            24974,
            1259,
            12470,
            29591,
            2862,
            25599,
            12055,
            14178,
            25347,
            19162,
            8741,
            29676,
            30468,
            6254,
            11321,
            2386,
            707,
            10401,
            26473,
            13039,
            32125,
            9264,
            6058,
            23256,
            3319,
            125,
            24339,
            25153,
            6900,
            4798,
            7285,
            23577,
            656,
            2057,
            9264,
            20966,
            28626,
            18751,
            27244,
            19687,
            5735,
            28475,
            29023,
            32450,
            784,
            3190,
            8514,
            25296,
            29532,
            30861,
            28155,
            32551,
            9159,
            23652,
            2831,
            7482,
            12310,
            27935,
            26770,
            23533,
            19676,
            4725,
            18447,
            13921,
            5218,
            15814,
            21627,
            21202,
            2075,
            17622,
            10406,
            489
          ],
          "graphs": [
            26473,
            11761,
            11251,
            4793,
            22179,
            12673,
            29020
          ],
          "seed": 2026090702,
          "tensors": [
            26473,
            4627,
            4728,
            15845,
            26488,
            21428,
            29020
          ]
        },
        {
          "coordinates": [
            780,
            4115,
            11384,
            11939,
            24500,
            17259,
            9951,
            16179,
            17471,
            29761,
            8538,
            23035,
            28452,
            5360,
            4028,
            4995,
            1697,
            32625,
            31255,
            24427,
            31585,
            12946,
            18853,
            9519,
            3611,
            17001,
            20294,
            23387,
            24038,
            25849,
            15769,
            5561,
            25377,
            2267,
            11691,
            17892,
            3705,
            1831,
            19692,
            17318,
            26090,
            4708,
            29277,
            3471,
            17407,
            15047,
            13909,
            15956,
            6996,
            17713,
            13590,
            14703,
            10524,
            17168,
            23635,
            5110,
            12916,
            18493,
            7666,
            26938,
            17766,
            32538,
            28047,
            22452,
            5910,
            434,
            27301,
            31730,
            31654,
            18175,
            30782,
            17211,
            28003,
            6291,
            24077,
            21326,
            2065,
            20367,
            3701,
            32626,
            6628,
            15777,
            18275,
            15224,
            11101,
            29605,
            15547,
            18600,
            1235,
            3527,
            16238,
            19207,
            29056,
            12017,
            28598,
            25113,
            17008,
            18732,
            25060,
            22971,
            6284,
            4150,
            25201,
            30432,
            32003,
            9267,
            3494,
            18262,
            2791,
            15962,
            32169,
            32477,
            7518,
            14501,
            26204,
            12847,
            20442,
            16602,
            18695,
            2194,
            31556,
            2845,
            24442,
            22085,
            1374,
            17869
          ],
          "graphs": [
            31413,
            2868,
            14105,
            10203,
            28237,
            17604,
            22332
          ],
          "seed": 2026090703,
          "tensors": [
            31413,
            12467,
            15019,
            25656,
            31550,
            21265,
            22332
          ]
        },
        {
          "coordinates": [
            13125,
            32095,
            28125,
            15169,
            22093,
            6475,
            9528,
            7083,
            17268,
            30214,
            1546,
            886,
            8880,
            743,
            17188,
            17818,
            22163,
            27378,
            11055,
            31885,
            31704,
            31644,
            19261,
            3278,
            7246,
            15837,
            25993,
            9332,
            9348,
            25966,
            10849,
            19466,
            25707,
            28352,
            22978,
            8806,
            28924,
            30042,
            26106,
            20711,
            12893,
            24021,
            3273,
            13523,
            10194,
            15710,
            22671,
            5058,
            15822,
            26953,
            2691,
            7174,
            6701,
            16235,
            7554,
            15357,
            8619,
            662,
            22983,
            12228,
            535,
            14326,
            14954,
            8647,
            17017,
            25282,
            18467,
            2699,
            26247,
            24880,
            21199,
            859,
            29527,
            4836,
            3102,
            15741,
            14355,
            22847,
            23034,
            14389,
            21541,
            3182,
            14716,
            30784,
            2541,
            11154,
            13908,
            17411,
            29077,
            24913,
            19179,
            15285,
            2672,
            15838,
            22721,
            28721,
            28390,
            25307,
            20536,
            26400,
            9599,
            32686,
            11224,
            14748,
            28287,
            18680,
            7189,
            29858,
            3722,
            12895,
            9522,
            15653,
            30592,
            13290,
            21910,
            31541,
            29855,
            13629,
            30225,
            13026,
            13323,
            31590,
            10662,
            12976,
            19137,
            157
          ],
          "graphs": [
            21823,
            2541,
            1640,
            16644,
            19673,
            7426,
            3711
          ],
          "seed": 2026090704,
          "tensors": [
            21823,
            18525,
            26939,
            14428,
            10486,
            9677,
            3711
          ]
        },
        {
          "coordinates": [
            5256,
            19672,
            6753,
            15638,
            28385,
            9831,
            22334,
            32667,
            4546,
            24470,
            17352,
            15155,
            24281,
            10168,
            7298,
            6594,
            23632,
            19969,
            31549,
            9796,
            7837,
            18047,
            29558,
            3631,
            1122,
            419,
            845,
            10195,
            8106,
            19018,
            29096,
            25010,
            6215,
            27580,
            23669,
            5113,
            629,
            29395,
            14423,
            9412,
            29149,
            30822,
            19656,
            3556,
            15926,
            29007,
            10370,
            9051,
            3722,
            4530,
            25010,
            22526,
            20481,
            23781,
            8681,
            16018,
            24934,
            22946,
            3381,
            10989,
            6564,
            23048,
            110,
            30719,
            32050,
            32565,
            750,
            998,
            2878,
            29152,
            12137,
            6383,
            22101,
            26349,
            20912,
            3710,
            25341,
            8657,
            4992,
            3399,
            7839,
            22826,
            2341,
            21032,
            20099,
            18455,
            20093,
            24104,
            16870,
            22761,
            26472,
            15797,
            10527,
            25893,
            23011,
            19323,
            2203,
            17589,
            3628,
            21730,
            10657,
            1423,
            11469,
            24850,
            17834,
            28787,
            13412,
            2697,
            2786,
            29568,
            11835,
            10140,
            15288,
            16101,
            995,
            13182,
            11100,
            12,
            19192,
            27574,
            26727,
            10061,
            17029,
            20324,
            3929,
            19480
          ],
          "graphs": [
            23147,
            9787,
            27508,
            10099,
            7716,
            11526,
            14874
          ],
          "seed": 2026090705,
          "tensors": [
            23147,
            2315,
            24156,
            10724,
            12725,
            32635,
            14874
          ]
        },
        {
          "coordinates": [
            8237,
            16977,
            30026,
            21907,
            12397,
            19184,
            4617,
            28998,
            11669,
            13454,
            21052,
            22765,
            31415,
            25018,
            25915,
            9253,
            20572,
            23222,
            17265,
            27342,
            11948,
            12413,
            607,
            29551,
            27496,
            28950,
            10566,
            21192,
            1402,
            15528,
            17817,
            19681,
            21432,
            19623,
            32277,
            7200,
            29543,
            18238,
            15492,
            10095,
            4064,
            25894,
            1823,
            7772,
            2606,
            14130,
            16288,
            21914,
            32365,
            3099,
            1754,
            7913,
            21871,
            25623,
            13559,
            3658,
            16298,
            28914,
            23270,
            23115,
            5577,
            11140,
            30304,
            9715,
            32388,
            6130,
            13769,
            14338,
            23200,
            17713,
            3566,
            516,
            13920,
            24531,
            30014,
            21736,
            11106,
            16544,
            9933,
            13919,
            3867,
            26205,
            31934,
            30050,
            1208,
            6395,
            24654,
            13440,
            28010,
            14918,
            24826,
            6684,
            4893,
            9795,
            8674,
            29568,
            4216,
            26899,
            20494,
            5800,
            16492,
            31100,
            17480,
            32697,
            360,
            19596,
            7732,
            19220,
            28666,
            22619,
            16731,
            12109,
            10436,
            20183,
            6355,
            12736,
            14003,
            13384,
            22618,
            16631,
            16378,
            3209,
            11945,
            2126,
            10709,
            4762
          ],
          "graphs": [
            8910,
            3230,
            12061,
            12765,
            19201,
            22306,
            23840
          ],
          "seed": 2026090706,
          "tensors": [
            8910,
            5047,
            21778,
            2377,
            18163,
            23283,
            23840
          ]
        },
        {
          "coordinates": [
            25321,
            24072,
            23954,
            4639,
            14464,
            3504,
            5338,
            20458,
            16529,
            25546,
            23589,
            7097,
            23811,
            28686,
            28974,
            29154,
            16481,
            2481,
            1287,
            6791,
            10124,
            19010,
            17825,
            18102,
            19297,
            3082,
            15635,
            13107,
            23580,
            24957,
            26127,
            16546,
            16950,
            26039,
            3635,
            24160,
            2184,
            21376,
            2155,
            31637,
            24609,
            3688,
            10803,
            30719,
            22068,
            18204,
            2961,
            25041,
            9226,
            29619,
            1693,
            30459,
            9179,
            8342,
            14016,
            4182,
            5420,
            2724,
            7805,
            2014,
            32286,
            8303,
            25104,
            596,
            22432,
            31962,
            26044,
            22039,
            32432,
            6813,
            25359,
            16430,
            4516,
            14464,
            30494,
            15776,
            21188,
            8138,
            17416,
            17279,
            22289,
            27666,
            20816,
            17425,
            30077,
            17544,
            14317,
            11563,
            8999,
            22687,
            31014,
            10169,
            26400,
            27460,
            2743,
            27366,
            20717,
            22339,
            27859,
            6869,
            29291,
            19069,
            21230,
            7843,
            13496,
            22696,
            12096,
            17701,
            11920,
            13543,
            19622,
            8147,
            22078,
            422,
            5534,
            23585,
            17530,
            3921,
            9839,
            13854,
            7055,
            11873,
            18713,
            24171,
            26805,
            3852
          ],
          "graphs": [
            15842,
            26603,
            29837,
            16125,
            11508,
            24569,
            8987
          ],
          "seed": 2026090707,
          "tensors": [
            15842,
            8136,
            4199,
            31129,
            25425,
            29961,
            8987
          ]
        },
        {
          "coordinates": [
            16621,
            13224,
            19146,
            10922,
            18642,
            20163,
            17847,
            8550,
            16378,
            16881,
            4447,
            23700,
            16016,
            22825,
            28940,
            9031,
            23385,
            16626,
            13191,
            21316,
            20118,
            23499,
            27267,
            15362,
            3517,
            10948,
            17019,
            19484,
            17145,
            22228,
            17188,
            32499,
            30647,
            13060,
            17657,
            4793,
            32525,
            3989,
            18761,
            9418,
            15678,
            22590,
            29171,
            3249,
            29676,
            13721,
            15291,
            3754,
            31731,
            27491,
            22763,
            7846,
            24414,
            6250,
            13358,
            2900,
            5618,
            22151,
            11191,
            8326,
            27345,
            27090,
            17497,
            3302,
            22618,
            8876,
            17315,
            18780,
            19940,
            10630,
            25560,
            19501,
            5062,
            28678,
            29628,
            32471,
            15931,
            29466,
            3822,
            26496,
            1458,
            7850,
            25802,
            16359,
            9375,
            22833,
            870,
            2844,
            26920,
            10033,
            477,
            14202,
            31932,
            19621,
            28772,
            30031,
            13724,
            23140,
            31516,
            26480,
            4547,
            7778,
            6157,
            31598,
            18598,
            21017,
            7501,
            24780,
            21790,
            21857,
            21729,
            31908,
            11967,
            29266,
            25504,
            25667,
            24400,
            28550,
            16980,
            8745,
            13607,
            19042,
            9585,
            18608,
            14637,
            22494
          ],
          "graphs": [
            20554,
            21672,
            22318,
            14412,
            20864,
            28333,
            29217
          ],
          "seed": 2026090708,
          "tensors": [
            20554,
            11709,
            17171,
            1560,
            31421,
            4976,
            29217
          ]
        },
        {
          "coordinates": [
            7821,
            27636,
            5599,
            4640,
            18074,
            2707,
            11309,
            7256,
            23918,
            28076,
            6220,
            2997,
            29681,
            12753,
            2520,
            12028,
            10191,
            7968,
            14238,
            20819,
            21172,
            17539,
            3781,
            2253,
            26174,
            8680,
            15422,
            13761,
            3014,
            14575,
            4441,
            28754,
            9850,
            17485,
            7237,
            17646,
            21889,
            28563,
            13458,
            21391,
            29213,
            4948,
            17430,
            22329,
            30818,
            29868,
            31875,
            12954,
            18874,
            18914,
            8082,
            10515,
            21232,
            13871,
            28316,
            19954,
            4812,
            12639,
            19845,
            23512,
            4027,
            14410,
            2627,
            10195,
            27012,
            3091,
            18313,
            14599,
            5106,
            925,
            15796,
            2474,
            28958,
            32111,
            23627,
            3654,
            30094,
            28384,
            3915,
            25372,
            32335,
            25575,
            30234,
            28973,
            3615,
            28923,
            32705,
            23794,
            7454,
            23591,
            31253,
            29261,
            1793,
            18403,
            31542,
            964,
            4953,
            20147,
            26764,
            2494,
            392,
            25679,
            25446,
            24780,
            29923,
            22762,
            20954,
            4773,
            11972,
            10052,
            22569,
            28295,
            4772,
            15847,
            22540,
            7207,
            26917,
            29069,
            32098,
            16371,
            26521,
            14013,
            12417,
            25949,
            19612,
            12974
          ],
          "graphs": [
            8725,
            15661,
            26780,
            4494,
            13608,
            10291,
            780
          ],
          "seed": 2026090801,
          "tensors": [
            8725,
            9051,
            3148,
            4394,
            5663,
            23483,
            780
          ]
        },
        {
          "coordinates": [
            13914,
            5093,
            17852,
            10191,
            25290,
            24833,
            19738,
            6373,
            7731,
            3799,
            27578,
            14925,
            18240,
            5869,
            7414,
            19722,
            13582,
            10482,
            19527,
            8970,
            11509,
            23969,
            6813,
            12515,
            29940,
            16918,
            7318,
            10014,
            17514,
            25606,
            26689,
            29758,
            12155,
            3733,
            31159,
            18526,
            16003,
            10308,
            18420,
            2738,
            28449,
            2602,
            22233,
            32334,
            19757,
            22788,
            10286,
            13947,
            21874,
            7299,
            11822,
            19187,
            11631,
            8180,
            4663,
            16447,
            28589,
            16225,
            1610,
            14864,
            306,
            2294,
            27025,
            30375,
            23379,
            29203,
            4922,
            5477,
            17673,
            19437,
            23545,
            418,
            15951,
            9893,
            29159,
            17914,
            28774,
            23301,
            29713,
            5445,
            6597,
            20235,
            2043,
            30703,
            11437,
            8301,
            12317,
            1241,
            11682,
            3002,
            29531,
            25459,
            10895,
            22750,
            22357,
            22047,
            23946,
            2371,
            1658,
            28488,
            9958,
            24030,
            19176,
            29196,
            4373,
            16733,
            5617,
            10161,
            19756,
            11601,
            17715,
            16080,
            10242,
            9287,
            2811,
            25030,
            7556,
            11446,
            13616,
            1566,
            27148,
            13433,
            20811,
            10805,
            2939,
            4278
          ],
          "graphs": [
            11117,
            8079,
            3567,
            18547,
            13900,
            17285,
            17519
          ],
          "seed": 2026090802,
          "tensors": [
            11117,
            25832,
            2025,
            26671,
            3825,
            10965,
            17519
          ]
        },
        {
          "coordinates": [
            19109,
            2612,
            27319,
            14395,
            32194,
            20708,
            27217,
            28085,
            12422,
            2866,
            11711,
            28133,
            21608,
            9633,
            8288,
            10069,
            9685,
            6717,
            6308,
            21044,
            5046,
            20396,
            22449,
            32648,
            31077,
            11927,
            31625,
            13672,
            5163,
            17589,
            11809,
            7628,
            19847,
            30005,
            10930,
            22241,
            2683,
            19911,
            13221,
            5023,
            22781,
            17553,
            2669,
            4989,
            20598,
            11685,
            19167,
            24661,
            3667,
            25907,
            32077,
            2331,
            13599,
            5518,
            22938,
            4726,
            25386,
            3264,
            20712,
            19612,
            6146,
            11183,
            9303,
            30594,
            20665,
            1557,
            20590,
            13663,
            16463,
            3597,
            19919,
            22552,
            6014,
            11433,
            24621,
            18160,
            18060,
            16208,
            2138,
            12222,
            3316,
            26269,
            20410,
            30598,
            11276,
            23095,
            9890,
            8450,
            2251,
            19365,
            12908,
            1655,
            26831,
            10013,
            16793,
            4482,
            1317,
            9346,
            23389,
            32661,
            7220,
            21749,
            30332,
            27005,
            893,
            10997,
            26367,
            30367,
            10109,
            31648,
            21516,
            17365,
            21737,
            8746,
            14428,
            27496,
            16841,
            18806,
            6383,
            31040,
            25689,
            4659,
            2846,
            4573,
            12886,
            22835
          ],
          "graphs": [
            4261,
            24218,
            18848,
            16202,
            29604,
            28354,
            32123
          ],
          "seed": 2026090803,
          "tensors": [
            4261,
            13118,
            20062,
            32601,
            19479,
            7836,
            32123
          ]
        }
      ],
      "tensor_rank": 7,
      "tensor_to_graph_matrix_mod_p": [
        [
          1,
          0,
          0,
          0,
          0,
          0,
          0
        ],
        [
          12853,
          1,
          0,
          0,
          0,
          0,
          7011
        ],
        [
          29827,
          0,
          23556,
          0,
          0,
          0,
          24974
        ],
        [
          25913,
          28093,
          16184,
          31212,
          16136,
          23818,
          14190
        ],
        [
          0,
          30754,
          0,
          11778,
          0,
          0,
          0
        ],
        [
          13959,
          30701,
          19538,
          27602,
          12096,
          10230,
          31723
        ],
        [
          0,
          0,
          0,
          0,
          0,
          0,
          1
        ]
      ]
    },
    "32719": {
      "graph_rank": 7,
      "identity": "667c3284f500433a4bbbf9d933b5461ce65c94e2f0a4dcefbcd647d5654a3318",
      "prime": 32719,
      "samples": [
        {
          "coordinates": [
            15947,
            6256,
            357,
            4421,
            22503,
            25182,
            2156,
            30344,
            2131,
            25000,
            20975,
            10161,
            17028,
            13655,
            18431,
            19317,
            7577,
            22983,
            25110,
            5667,
            11646,
            28235,
            13757,
            26936,
            29980,
            6678,
            24997,
            17286,
            13254,
            22946,
            6665,
            1439,
            17227,
            31848,
            24484,
            7748,
            4855,
            31479,
            25226,
            32214,
            8938,
            1469,
            27070,
            9037,
            1946,
            4780,
            28071,
            27014,
            1592,
            19667,
            20328,
            6185,
            12777,
            21553,
            3372,
            27179,
            14761,
            15422,
            7176,
            24368,
            7312,
            26624,
            7083,
            18893,
            3839,
            23586,
            25640,
            13012,
            31781,
            29443,
            20320,
            9504,
            12537,
            15874,
            259,
            26202,
            23910,
            17103,
            20401,
            5611,
            24875,
            17385,
            1843,
            6122,
            16027,
            5010,
            12492,
            12758,
            1821,
            4969,
            19885,
            22201,
            2713,
            5402,
            27668,
            3939,
            14840,
            25623,
            5903,
            12099,
            16512,
            13112,
            14960,
            30876,
            31471,
            2891,
            22621,
            29405,
            5046,
            3454,
            1697,
            16523,
            2981,
            11750,
            26750,
            4650,
            212,
            32286,
            26957,
            26334,
            2482,
            17543,
            7426,
            31922,
            2953,
            2025
          ],
          "graphs": [
            25678,
            5495,
            25535,
            23907,
            30469,
            3133,
            27256
          ],
          "seed": 2026090700,
          "tensors": [
            25678,
            29618,
            19744,
            7670,
            5748,
            1804,
            27256
          ]
        },
        {
          "coordinates": [
            1676,
            13796,
            21768,
            20473,
            21421,
            1771,
            12720,
            12593,
            32275,
            21686,
            14208,
            3574,
            5906,
            13126,
            21999,
            176,
            6666,
            13004,
            31893,
            853,
            19366,
            20259,
            22752,
            30815,
            27820,
            8284,
            28097,
            2369,
            1028,
            797,
            28087,
            8634,
            25504,
            18254,
            22983,
            9944,
            27723,
            17410,
            31644,
            24885,
            4450,
            4420,
            32492,
            25850,
            20081,
            14349,
            17190,
            229,
            690,
            27080,
            5360,
            326,
            5065,
            20677,
            3744,
            1912,
            9867,
            20203,
            18492,
            15797,
            6899,
            13506,
            30686,
            17245,
            23284,
            9022,
            10913,
            15128,
            12879,
            31705,
            31386,
            13824,
            23677,
            26507,
            27476,
            20129,
            27454,
            20454,
            21112,
            14795,
            27136,
            4898,
            4428,
            27759,
            6165,
            18054,
            29412,
            28854,
            1670,
            15209,
            7327,
            4595,
            27304,
            6091,
            10730,
            21482,
            17189,
            4095,
            24912,
            491,
            15722,
            32485,
            19293,
            17223,
            16220,
            32467,
            672,
            29749,
            6576,
            5555,
            29279,
            15168,
            12609,
            24908,
            11010,
            16467,
            27631,
            23304,
            22132,
            30669,
            12027,
            12065,
            1125,
            20158,
            32074,
            19906
          ],
          "graphs": [
            21619,
            15828,
            8345,
            17460,
            7703,
            19390,
            27492
          ],
          "seed": 2026090701,
          "tensors": [
            21619,
            8886,
            24141,
            14288,
            16544,
            21511,
            27492
          ]
        },
        {
          "coordinates": [
            26338,
            15887,
            14862,
            6778,
            4382,
            23015,
            29425,
            25643,
            27667,
            28638,
            14883,
            15939,
            28463,
            9660,
            15063,
            15921,
            21391,
            11355,
            5354,
            30616,
            27508,
            6375,
            29781,
            16797,
            13040,
            21080,
            32444,
            18407,
            30413,
            28899,
            20261,
            28481,
            29783,
            31937,
            19829,
            31671,
            30021,
            29540,
            25052,
            989,
            19029,
            14081,
            31232,
            30690,
            28306,
            20503,
            31737,
            14619,
            29702,
            5914,
            31396,
            6596,
            14826,
            25195,
            24975,
            1259,
            12471,
            29593,
            2862,
            25600,
            12056,
            14179,
            25348,
            19163,
            8742,
            29678,
            30470,
            6255,
            11322,
            2386,
            707,
            10402,
            26475,
            13040,
            32127,
            9265,
            6058,
            23258,
            3319,
            125,
            24340,
            25155,
            6900,
            4799,
            7286,
            23579,
            656,
            2057,
            9264,
            20968,
            28628,
            18752,
            27246,
            19689,
            5735,
            28477,
            29025,
            32452,
            784,
            3190,
            8514,
            25297,
            29534,
            30862,
            28157,
            32553,
            9160,
            23654,
            2831,
            7483,
            12311,
            27937,
            26771,
            23534,
            19677,
            4725,
            18449,
            13921,
            5218,
            15815,
            21628,
            21204,
            2075,
            17623,
            10407,
            489
          ],
          "graphs": [
            2435,
            31707,
            10579,
            28242,
            20297,
            19898,
            31989
          ],
          "seed": 2026090702,
          "tensors": [
            2435,
            25447,
            25750,
            8160,
            517,
            12676,
            31989
          ]
        },
        {
          "coordinates": [
            780,
            4115,
            11384,
            11939,
            24502,
            17260,
            9951,
            16180,
            17472,
            29763,
            8539,
            23036,
            28454,
            5361,
            4029,
            4995,
            1697,
            32627,
            31257,
            24428,
            31587,
            12947,
            18854,
            9519,
            3611,
            17002,
            20295,
            23388,
            24040,
            25851,
            15770,
            5561,
            25378,
            2267,
            11692,
            17894,
            3705,
            1831,
            19693,
            17319,
            26092,
            4708,
            29279,
            3471,
            17408,
            15047,
            13909,
            15957,
            6997,
            17714,
            13591,
            14704,
            10525,
            17169,
            23637,
            5111,
            12917,
            18494,
            7667,
            26939,
            17767,
            32540,
            28048,
            22454,
            5910,
            434,
            27303,
            31732,
            31656,
            18176,
            30784,
            17213,
            28005,
            6291,
            24078,
            21327,
            2065,
            20369,
            3702,
            32628,
            6628,
            15778,
            18277,
            15225,
            11102,
            29607,
            15548,
            18601,
            1235,
            3527,
            16239,
            19208,
            29058,
            12018,
            28600,
            25115,
            17009,
            18733,
            25061,
            22973,
            6285,
            4151,
            25202,
            30434,
            32005,
            9268,
            3494,
            18263,
            2791,
            15963,
            32171,
            32479,
            7518,
            14502,
            26206,
            12847,
            20444,
            16603,
            18696,
            2194,
            31558,
            2845,
            24444,
            22086,
            1374,
            17870
          ],
          "graphs": [
            1131,
            21231,
            9002,
            31217,
            24408,
            6590,
            21668
          ],
          "seed": 2026090703,
          "tensors": [
            1131,
            10562,
            19887,
            16896,
            2568,
            2106,
            21668
          ]
        },
        {
          "coordinates": [
            13126,
            32097,
            28127,
            15170,
            22095,
            6475,
            9528,
            7084,
            17269,
            30216,
            1546,
            886,
            8881,
            744,
            17189,
            17819,
            22164,
            27379,
            11056,
            31887,
            31705,
            31646,
            19262,
            3278,
            7247,
            15838,
            25995,
            9332,
            9349,
            25968,
            10850,
            19467,
            25708,
            28354,
            22979,
            8806,
            28925,
            30044,
            26107,
            20712,
            12894,
            24023,
            3273,
            13524,
            10195,
            15711,
            22673,
            5058,
            15823,
            26955,
            2691,
            7175,
            6702,
            16236,
            7554,
            15358,
            8619,
            662,
            22985,
            12229,
            535,
            14327,
            14955,
            8648,
            17018,
            25284,
            18468,
            2699,
            26249,
            24881,
            21201,
            859,
            29529,
            4836,
            3102,
            15741,
            14356,
            22848,
            23036,
            14390,
            21543,
            3182,
            14717,
            30786,
            2541,
            11155,
            13909,
            17412,
            29078,
            24914,
            19180,
            15286,
            2673,
            15839,
            22723,
            28723,
            28392,
            25309,
            20537,
            26401,
            9599,
            32688,
            11225,
            14749,
            28289,
            18681,
            7189,
            29860,
            3723,
            12896,
            9522,
            15654,
            30594,
            13291,
            21912,
            31543,
            29857,
            13630,
            30226,
            13026,
            13324,
            31592,
            10663,
            12977,
            19138,
            157
          ],
          "graphs": [
            6456,
            15016,
            5996,
            2636,
            8398,
            26344,
            29830
          ],
          "seed": 2026090704,
          "tensors": [
            6456,
            6694,
            15191,
            10969,
            32703,
            13677,
            29830
          ]
        },
        {
          "coordinates": [
            5257,
            19673,
            6753,
            15639,
            28387,
            9831,
            22336,
            32669,
            4547,
            24472,
            17353,
            15156,
            24282,
            10169,
            7299,
            6594,
            23633,
            19970,
            31551,
            9796,
            7837,
            18048,
            29560,
            3631,
            1122,
            419,
            845,
            10196,
            8106,
            19019,
            29097,
            25011,
            6215,
            27582,
            23670,
            5113,
            630,
            29397,
            14424,
            9413,
            29151,
            30824,
            19657,
            3557,
            15927,
            29009,
            10370,
            9051,
            3722,
            4531,
            25012,
            22528,
            20482,
            23783,
            8682,
            16019,
            24935,
            22947,
            3381,
            10989,
            6564,
            23049,
            111,
            30721,
            32052,
            32567,
            750,
            998,
            2878,
            29154,
            12137,
            6384,
            22103,
            26351,
            20913,
            3710,
            25343,
            8658,
            4992,
            3399,
            7839,
            22827,
            2341,
            21033,
            20100,
            18456,
            20094,
            24106,
            16871,
            22763,
            26473,
            15798,
            10527,
            25894,
            23012,
            19324,
            2204,
            17590,
            3628,
            21732,
            10658,
            1423,
            11470,
            24852,
            17835,
            28789,
            13412,
            2697,
            2786,
            29569,
            11836,
            10140,
            15288,
            16102,
            995,
            13183,
            11101,
            12,
            19193,
            27576,
            26729,
            10062,
            17030,
            20325,
            3930,
            19481
          ],
          "graphs": [
            10431,
            17525,
            18023,
            7236,
            7445,
            15352,
            8674
          ],
          "seed": 2026090705,
          "tensors": [
            10431,
            31120,
            15253,
            2348,
            25003,
            14632,
            8674
          ]
        },
        {
          "coordinates": [
            8237,
            16978,
            30028,
            21909,
            12398,
            19185,
            4618,
            29000,
            11670,
            13455,
            21054,
            22767,
            31417,
            25020,
            25917,
            9253,
            20573,
            23223,
            17266,
            27343,
            11949,
            12414,
            608,
            29553,
            27498,
            28951,
            10567,
            21194,
            1402,
            15529,
            17818,
            19682,
            21434,
            19624,
            32279,
            7201,
            29545,
            18239,
            15493,
            10096,
            4064,
            25896,
            1823,
            7772,
            2606,
            14130,
            16289,
            21915,
            32367,
            3100,
            1755,
            7914,
            21872,
            25624,
            13560,
            3658,
            16299,
            28916,
            23271,
            23117,
            5578,
            11141,
            30306,
            9716,
            32390,
            6130,
            13770,
            14338,
            23201,
            17714,
            3567,
            516,
            13921,
            24532,
            30015,
            21737,
            11106,
            16545,
            9934,
            13920,
            3867,
            26207,
            31936,
            30052,
            1208,
            6396,
            24655,
            13441,
            28011,
            14919,
            24827,
            6685,
            4894,
            9795,
            8674,
            29569,
            4216,
            26901,
            20495,
            5801,
            16493,
            31102,
            17481,
            32699,
            360,
            19597,
            7733,
            19221,
            28668,
            22620,
            16732,
            12110,
            10436,
            20184,
            6356,
            12737,
            14004,
            13384,
            22620,
            16632,
            16379,
            3209,
            11946,
            2126,
            10709,
            4762
          ],
          "graphs": [
            17273,
            29451,
            20640,
            4235,
            4481,
            15211,
            20718
          ],
          "seed": 2026090706,
          "tensors": [
            17273,
            19186,
            26369,
            7221,
            7279,
            138,
            20718
          ]
        },
        {
          "coordinates": [
            25323,
            24074,
            23955,
            4640,
            14465,
            3504,
            5338,
            20459,
            16530,
            25547,
            23590,
            7098,
            23813,
            28687,
            28976,
            29156,
            16482,
            2481,
            1287,
            6791,
            10124,
            19011,
            17826,
            18103,
            19298,
            3082,
            15636,
            13108,
            23581,
            24958,
            26129,
            16547,
            16951,
            26041,
            3636,
            24162,
            2184,
            21377,
            2155,
            31639,
            24611,
            3688,
            10803,
            30721,
            22070,
            18205,
            2962,
            25043,
            9227,
            29621,
            1693,
            30461,
            9180,
            8342,
            14016,
            4182,
            5421,
            2724,
            7806,
            2014,
            32288,
            8304,
            25106,
            596,
            22433,
            31964,
            26045,
            22040,
            32434,
            6814,
            25361,
            16431,
            4516,
            14465,
            30496,
            15777,
            21189,
            8139,
            17417,
            17280,
            22290,
            27668,
            20817,
            17426,
            30078,
            17545,
            14318,
            11564,
            9000,
            22688,
            31016,
            10169,
            26401,
            27462,
            2743,
            27368,
            20718,
            22340,
            27860,
            6870,
            29293,
            19070,
            21231,
            7843,
            13497,
            22697,
            12097,
            17702,
            11921,
            13544,
            19623,
            8148,
            22079,
            422,
            5534,
            23586,
            17531,
            3921,
            9839,
            13854,
            7055,
            11874,
            18715,
            24173,
            26806,
            3853
          ],
          "graphs": [
            31134,
            9289,
            10222,
            21305,
            22676,
            20482,
            6801
          ],
          "seed": 2026090707,
          "tensors": [
            31134,
            21433,
            7573,
            10022,
            23150,
            22385,
            6801
          ]
        },
        {
          "coordinates": [
            16622,
            13225,
            19147,
            10922,
            18643,
            20164,
            17848,
            8551,
            16379,
            16882,
            4447,
            23702,
            16017,
            22826,
            28942,
            9032,
            23387,
            16627,
            13192,
            21317,
            20119,
            23501,
            27269,
            15363,
            3517,
            10949,
            17020,
            19485,
            17146,
            22229,
            17189,
            32501,
            30649,
            13061,
            17658,
            4794,
            32527,
            3989,
            18762,
            9419,
            15679,
            22591,
            29172,
            3249,
            29678,
            13722,
            15291,
            3755,
            31733,
            27493,
            22765,
            7846,
            24416,
            6250,
            13359,
            2900,
            5619,
            22153,
            11191,
            8327,
            27347,
            27092,
            17498,
            3302,
            22619,
            8877,
            17316,
            18781,
            19941,
            10631,
            25561,
            19502,
            5062,
            28680,
            29629,
            32473,
            15932,
            29468,
            3823,
            26498,
            1458,
            7850,
            25804,
            16360,
            9375,
            22834,
            870,
            2844,
            26921,
            10034,
            477,
            14203,
            31934,
            19623,
            28774,
            30033,
            13725,
            23141,
            31518,
            26481,
            4547,
            7778,
            6158,
            31600,
            18599,
            21019,
            7502,
            24782,
            21792,
            21858,
            21730,
            31910,
            11968,
            29268,
            25506,
            25669,
            24401,
            28551,
            16981,
            8745,
            13608,
            19043,
            9586,
            18610,
            14638,
            22495
          ],
          "graphs": [
            30658,
            1605,
            30624,
            153,
            14482,
            4857,
            1387
          ],
          "seed": 2026090708,
          "tensors": [
            30658,
            17314,
            15637,
            10605,
            17682,
            5009,
            1387
          ]
        },
        {
          "coordinates": [
            7821,
            27638,
            5599,
            4641,
            18075,
            2707,
            11310,
            7257,
            23920,
            28077,
            6220,
            2997,
            29683,
            12754,
            2520,
            12028,
            10191,
            7969,
            14239,
            20821,
            21173,
            17540,
            3781,
            2253,
            26175,
            8681,
            15423,
            13762,
            3015,
            14576,
            4441,
            28756,
            9851,
            17486,
            7237,
            17647,
            21891,
            28565,
            13459,
            21392,
            29214,
            4949,
            17431,
            22330,
            30820,
            29870,
            31877,
            12955,
            18876,
            18915,
            8083,
            10516,
            21234,
            13872,
            28317,
            19955,
            4813,
            12639,
            19847,
            23513,
            4027,
            14410,
            2627,
            10196,
            27014,
            3091,
            18314,
            14600,
            5106,
            925,
            15797,
            2474,
            28960,
            32113,
            23628,
            3654,
            30096,
            28385,
            3916,
            25373,
            32337,
            25576,
            30236,
            28975,
            3616,
            28925,
            32707,
            23796,
            7455,
            23592,
            31255,
            29263,
            1793,
            18404,
            31544,
            964,
            4953,
            20149,
            26766,
            2494,
            392,
            25681,
            25448,
            24781,
            29925,
            22764,
            20955,
            4773,
            11973,
            10053,
            22571,
            28297,
            4772,
            15848,
            22541,
            7207,
            26919,
            29071,
            32100,
            16372,
            26522,
            14014,
            12418,
            25951,
            19614,
            12975
          ],
          "graphs": [
            28196,
            10113,
            16645,
            32212,
            19754,
            10992,
            9913
          ],
          "seed": 2026090801,
          "tensors": [
            28196,
            2205,
            21259,
            10812,
            3535,
            8411,
            9913
          ]
        },
        {
          "coordinates": [
            13914,
            5094,
            17853,
            10192,
            25291,
            24835,
            19740,
            6373,
            7732,
            3799,
            27580,
            14926,
            18241,
            5870,
            7415,
            19723,
            13583,
            10483,
            19528,
            8971,
            11510,
            23971,
            6813,
            12516,
            29942,
            16919,
            7318,
            10015,
            17515,
            25608,
            26691,
            29759,
            12156,
            3733,
            31160,
            18527,
            16004,
            10309,
            18422,
            2738,
            28451,
            2602,
            22234,
            32336,
            19759,
            22790,
            10287,
            13948,
            21876,
            7299,
            11823,
            19188,
            11632,
            8180,
            4664,
            16448,
            28591,
            16226,
            1610,
            14865,
            306,
            2295,
            27027,
            30377,
            23381,
            29205,
            4923,
            5477,
            17674,
            19438,
            23546,
            418,
            15952,
            9894,
            29160,
            17915,
            28776,
            23302,
            29715,
            5445,
            6598,
            20236,
            2043,
            30705,
            11438,
            8302,
            12318,
            1241,
            11683,
            3003,
            29533,
            25460,
            10896,
            22751,
            22358,
            22048,
            23948,
            2371,
            1658,
            28490,
            9959,
            24031,
            19177,
            29198,
            4374,
            16734,
            5617,
            10161,
            19757,
            11602,
            17716,
            16081,
            10243,
            9287,
            2812,
            25032,
            7556,
            11447,
            13617,
            1566,
            27150,
            13434,
            20812,
            10806,
            2939,
            4278
          ],
          "graphs": [
            30533,
            27371,
            22219,
            11049,
            16639,
            1462,
            30266
          ],
          "seed": 2026090802,
          "tensors": [
            30533,
            8383,
            19473,
            21585,
            10346,
            18275,
            30266
          ]
        },
        {
          "coordinates": [
            19110,
            2612,
            27321,
            14396,
            32196,
            20710,
            27219,
            28086,
            12422,
            2866,
            11712,
            28134,
            21609,
            9633,
            8289,
            10070,
            9685,
            6717,
            6308,
            21045,
            5046,
            20397,
            22450,
            32650,
            31079,
            11927,
            31627,
            13673,
            5164,
            17590,
            11810,
            7628,
            19848,
            30007,
            10931,
            22242,
            2683,
            19912,
            13222,
            5023,
            22782,
            17554,
            2669,
            4990,
            20600,
            11686,
            19168,
            24662,
            3667,
            25909,
            32079,
            2331,
            13600,
            5519,
            22939,
            4726,
            25388,
            3264,
            20713,
            19614,
            6146,
            11184,
            9304,
            30596,
            20666,
            1557,
            20591,
            13663,
            16464,
            3597,
            19921,
            22554,
            6014,
            11433,
            24623,
            18161,
            18061,
            16209,
            2138,
            12223,
            3316,
            26271,
            20411,
            30600,
            11277,
            23097,
            9890,
            8450,
            2251,
            19366,
            12909,
            1655,
            26833,
            10014,
            16794,
            4482,
            1317,
            9347,
            23391,
            32663,
            7221,
            21750,
            30333,
            27007,
            893,
            10998,
            26368,
            30369,
            10109,
            31650,
            21517,
            17366,
            21739,
            8746,
            14429,
            27498,
            16842,
            18807,
            6383,
            31042,
            25691,
            4660,
            2846,
            4573,
            12886,
            22837
          ],
          "graphs": [
            6908,
            29023,
            32221,
            5420,
            1577,
            27875,
            27871
          ],
          "seed": 2026090803,
          "tensors": [
            6908,
            27244,
            27720,
            4779,
            8437,
            6225,
            27871
          ]
        }
      ],
      "tensor_rank": 7,
      "tensor_to_graph_matrix_mod_p": [
        [
          1,
          0,
          0,
          0,
          0,
          0,
          0
        ],
        [
          19865,
          1,
          0,
          0,
          0,
          0,
          25708
        ],
        [
          28411,
          0,
          31410,
          0,
          0,
          0,
          5126
        ],
        [
          31101,
          32370,
          17581,
          26895,
          14645,
          29578,
          2161
        ],
        [
          0,
          13742,
          0,
          15705,
          0,
          0,
          0
        ],
        [
          2456,
          16486,
          6139,
          5633,
          31960,
          21453,
          21307
        ],
        [
          0,
          0,
          0,
          0,
          0,
          0,
          1
        ]
      ]
    },
    "32749": {
      "graph_rank": 7,
      "identity": "667c3284f500433a4bbbf9d933b5461ce65c94e2f0a4dcefbcd647d5654a3318",
      "prime": 32749,
      "samples": [
        {
          "coordinates": [
            15962,
            6262,
            358,
            4425,
            22524,
            25206,
            2158,
            30372,
            2133,
            25023,
            20994,
            10171,
            17044,
            13668,
            18448,
            19334,
            7584,
            23004,
            25133,
            5672,
            11656,
            28261,
            13770,
            26961,
            30008,
            6685,
            25019,
            17302,
            13266,
            22967,
            6671,
            1441,
            17243,
            31877,
            24506,
            7755,
            4859,
            31508,
            25249,
            32244,
            8946,
            1470,
            27095,
            9045,
            1947,
            4785,
            28097,
            27038,
            1593,
            19685,
            20347,
            6190,
            12788,
            21573,
            3376,
            27204,
            14775,
            15436,
            7182,
            24391,
            7318,
            26648,
            7090,
            18910,
            3843,
            23608,
            25663,
            13024,
            31810,
            29470,
            20339,
            9513,
            12548,
            15889,
            259,
            26226,
            23932,
            17119,
            20419,
            5616,
            24898,
            17401,
            1845,
            6127,
            16042,
            5015,
            12504,
            12770,
            1823,
            4974,
            19903,
            22222,
            2715,
            5407,
            27693,
            3942,
            14854,
            25646,
            5908,
            12110,
            16528,
            13124,
            14974,
            30905,
            31500,
            2894,
            22641,
            29432,
            5051,
            3457,
            1699,
            16538,
            2984,
            11760,
            26775,
            4654,
            212,
            32316,
            26981,
            26358,
            2484,
            17559,
            7433,
            31951,
            2956,
            2027
          ],
          "graphs": [
            23681,
            25680,
            18640,
            9800,
            26061,
            27988,
            20850
          ],
          "seed": 2026090700,
          "tensors": [
            23681,
            26441,
            10844,
            20516,
            18987,
            18251,
            20850
          ]
        },
        {
          "coordinates": [
            1677,
            13808,
            21788,
            20491,
            21441,
            1773,
            12732,
            12604,
            32305,
            21706,
            14221,
            3577,
            5911,
            13138,
            22019,
            176,
            6672,
            13016,
            31922,
            853,
            19384,
            20278,
            22773,
            30843,
            27845,
            8292,
            28122,
            2372,
            1029,
            798,
            28113,
            8642,
            25528,
            18270,
            23004,
            9953,
            27748,
            17426,
            31673,
            24908,
            4454,
            4424,
            32522,
            25873,
            20099,
            14363,
            17205,
            229,
            691,
            27105,
            5364,
            327,
            5070,
            20696,
            3747,
            1914,
            9876,
            20222,
            18509,
            15812,
            6905,
            13518,
            30714,
            17261,
            23305,
            9030,
            10923,
            15142,
            12891,
            31734,
            31414,
            13837,
            23699,
            26531,
            27501,
            20147,
            27479,
            20473,
            21131,
            14809,
            27161,
            4902,
            4432,
            27785,
            6171,
            18071,
            29439,
            28880,
            1672,
            15223,
            7333,
            4599,
            27329,
            6096,
            10739,
            21502,
            17204,
            4099,
            24935,
            491,
            15736,
            32515,
            19311,
            17239,
            16235,
            32496,
            673,
            29777,
            6582,
            5560,
            29306,
            15182,
            12621,
            24931,
            11020,
            16482,
            27656,
            23325,
            22153,
            30697,
            12038,
            12076,
            1126,
            20176,
            32103,
            19924
          ],
          "graphs": [
            23316,
            2836,
            31608,
            20218,
            19217,
            3455,
            22755
          ],
          "seed": 2026090701,
          "tensors": [
            23316,
            16910,
            5756,
            1759,
            15970,
            5919,
            22755
          ]
        },
        {
          "coordinates": [
            26362,
            15902,
            14875,
            6784,
            4386,
            23036,
            29452,
            25667,
            27692,
            28665,
            14897,
            15954,
            28490,
            9669,
            15076,
            15936,
            21411,
            11365,
            5359,
            30644,
            27534,
            6381,
            29808,
            16812,
            13051,
            21100,
            32473,
            18424,
            30441,
            28925,
            20279,
            28507,
            29810,
            31966,
            19847,
            31701,
            30048,
            29567,
            25075,
            990,
            19046,
            14094,
            31260,
            30718,
            28332,
            20521,
            31766,
            14632,
            29729,
            5919,
            31425,
            6602,
            14839,
            25218,
            24998,
            1260,
            12482,
            29620,
            2864,
            25624,
            12067,
            14192,
            25372,
            19181,
            8750,
            29705,
            30498,
            6260,
            11333,
            2388,
            708,
            10412,
            26499,
            13052,
            32157,
            9273,
            6064,
            23279,
            3322,
            125,
            24362,
            25178,
            6906,
            4803,
            7292,
            23601,
            657,
            2059,
            9273,
            20987,
            28654,
            18769,
            27271,
            19707,
            5740,
            28503,
            29052,
            32482,
            785,
            3193,
            8522,
            25321,
            29561,
            30891,
            28183,
            32583,
            9168,
            23675,
            2834,
            7490,
            12322,
            27962,
            26796,
            23556,
            19695,
            4729,
            18466,
            13934,
            5223,
            15830,
            21648,
            21223,
            2077,
            17639,
            10416,
            489
          ],
          "graphs": [
            13316,
            13914,
            18383,
            16965,
            32605,
            6425,
            11419
          ],
          "seed": 2026090702,
          "tensors": [
            13316,
            12595,
            24805,
            25329,
            13962,
            1617,
            11419
          ]
        },
        {
          "coordinates": [
            780,
            4119,
            11395,
            11950,
            24524,
            17276,
            9960,
            16195,
            17488,
            29790,
            8547,
            23058,
            28480,
            5365,
            4032,
            5000,
            1698,
            32657,
            31286,
            24451,
            31616,
            12959,
            18871,
            9528,
            3615,
            17018,
            20314,
            23410,
            24062,
            25874,
            15784,
            5566,
            25402,
            2269,
            11703,
            17910,
            3709,
            1833,
            19711,
            17335,
            26116,
            4712,
            29305,
            3474,
            17424,
            15061,
            13922,
            15972,
            7003,
            17731,
            13604,
            14718,
            10534,
            17185,
            23658,
            5115,
            12929,
            18511,
            7674,
            26964,
            17784,
            32569,
            28074,
            22474,
            5916,
            435,
            27328,
            31761,
            31685,
            18193,
            30812,
            17228,
            28031,
            6297,
            24100,
            21347,
            2067,
            20387,
            3705,
            32658,
            6634,
            15792,
            18293,
            15239,
            11112,
            29634,
            15562,
            18618,
            1236,
            3530,
            16254,
            19225,
            29085,
            12029,
            28626,
            25138,
            17024,
            18750,
            25084,
            22994,
            6290,
            4155,
            25225,
            30461,
            32034,
            9276,
            3497,
            18280,
            2794,
            15977,
            32200,
            32509,
            7525,
            14515,
            26230,
            12859,
            20462,
            16618,
            18713,
            2196,
            31586,
            2847,
            24466,
            22107,
            1375,
            17887
          ],
          "graphs": [
            2503,
            28698,
            11979,
            9350,
            11757,
            10853,
            18979
          ],
          "seed": 2026090703,
          "tensors": [
            2503,
            7935,
            23935,
            2800,
            30891,
            24293,
            18979
          ]
        },
        {
          "coordinates": [
            13138,
            32126,
            28153,
            15184,
            22115,
            6481,
            9537,
            7090,
            17285,
            30244,
            1548,
            887,
            8889,
            744,
            17205,
            17835,
            22185,
            27404,
            11066,
            31916,
            31735,
            31675,
            19280,
            3281,
            7253,
            15852,
            26019,
            9341,
            9357,
            25991,
            10860,
            19485,
            25732,
            28380,
            23000,
            8814,
            28952,
            30072,
            26131,
            20731,
            12906,
            24045,
            3276,
            13537,
            10204,
            15725,
            22694,
            5063,
            15838,
            26979,
            2694,
            7181,
            6708,
            16251,
            7561,
            15372,
            8627,
            662,
            23006,
            12240,
            535,
            14340,
            14969,
            8656,
            17033,
            25307,
            18485,
            2701,
            26273,
            24904,
            21220,
            860,
            29556,
            4840,
            3105,
            15756,
            14370,
            22869,
            23057,
            14403,
            21562,
            3185,
            14730,
            30814,
            2543,
            11165,
            13922,
            17428,
            29105,
            24937,
            19198,
            15300,
            2675,
            15853,
            22744,
            28750,
            28418,
            25332,
            20556,
            26426,
            9608,
            32718,
            11235,
            14762,
            28315,
            18698,
            7196,
            29887,
            3726,
            12907,
            9531,
            15668,
            30622,
            13303,
            21932,
            31572,
            29884,
            13642,
            30254,
            13038,
            13336,
            31621,
            10673,
            12989,
            19156,
            157
          ],
          "graphs": [
            4997,
            29807,
            17807,
            22793,
            23994,
            17307,
            21565
          ],
          "seed": 2026090704,
          "tensors": [
            4997,
            21027,
            20745,
            17800,
            29955,
            25327,
            21565
          ]
        },
        {
          "coordinates": [
            5261,
            19691,
            6759,
            15653,
            28413,
            9840,
            22356,
            32698,
            4551,
            24494,
            17369,
            15170,
            24304,
            10178,
            7305,
            6600,
            23655,
            19988,
            31580,
            9805,
            7844,
            18065,
            29587,
            3635,
            1123,
            419,
            845,
            10205,
            8114,
            19036,
            29124,
            25034,
            6221,
            27607,
            23692,
            5118,
            630,
            29424,
            14437,
            9421,
            29178,
            30852,
            19675,
            3560,
            15942,
            29036,
            10380,
            9060,
            3726,
            4535,
            25035,
            22548,
            20501,
            23805,
            8690,
            16033,
            24958,
            22968,
            3384,
            10999,
            6570,
            23071,
            111,
            30749,
            32081,
            32596,
            751,
            999,
            2881,
            29180,
            12148,
            6389,
            22123,
            26375,
            20933,
            3714,
            25366,
            8666,
            4996,
            3402,
            7846,
            22848,
            2343,
            21052,
            20119,
            18473,
            20112,
            24128,
            16887,
            22784,
            26497,
            15813,
            10537,
            25918,
            23033,
            19342,
            2206,
            17606,
            3632,
            21752,
            10667,
            1424,
            11481,
            24875,
            17851,
            28815,
            13425,
            2699,
            2789,
            29596,
            11847,
            10149,
            15302,
            16116,
            995,
            13195,
            11111,
            12,
            19211,
            27601,
            26753,
            10071,
            17045,
            20344,
            3933,
            19499
          ],
          "graphs": [
            6352,
            2594,
            855,
            1612,
            28991,
            22799,
            17383
          ],
          "seed": 2026090705,
          "tensors": [
            6352,
            12656,
            16258,
            24573,
            14268,
            30178,
            17383
          ]
        },
        {
          "coordinates": [
            8245,
            16994,
            30055,
            21929,
            12409,
            19202,
            4622,
            29026,
            11681,
            13468,
            21073,
            22787,
            31446,
            25043,
            25940,
            9262,
            20592,
            23244,
            17282,
            27369,
            11960,
            12425,
            608,
            29580,
            27523,
            28978,
            10577,
            21213,
            1404,
            15543,
            17834,
            19700,
            21453,
            19642,
            32308,
            7207,
            29572,
            18255,
            15507,
            10105,
            4068,
            25920,
            1825,
            7780,
            2609,
            14143,
            16304,
            21935,
            32397,
            3102,
            1756,
            7921,
            21892,
            25648,
            13572,
            3662,
            16314,
            28943,
            23293,
            23138,
            5583,
            11151,
            30334,
            9725,
            32420,
            6136,
            13783,
            14352,
            23222,
            17730,
            3570,
            517,
            13933,
            24555,
            30043,
            21757,
            11116,
            16561,
            9943,
            13932,
            3871,
            26231,
            31966,
            30080,
            1209,
            6402,
            24678,
            13453,
            28037,
            14933,
            24850,
            6691,
            4898,
            9804,
            8682,
            29596,
            4220,
            26925,
            20514,
            5806,
            16508,
            31130,
            17497,
            32729,
            360,
            19615,
            7740,
            19239,
            28694,
            22641,
            16747,
            12121,
            10446,
            20203,
            6361,
            12749,
            14017,
            13397,
            22640,
            16647,
            16394,
            3212,
            11957,
            2128,
            10719,
            4767
          ],
          "graphs": [
            30819,
            16775,
            25083,
            12688,
            2215,
            13705,
            9179
          ],
          "seed": 2026090706,
          "tensors": [
            30819,
            235,
            28250,
            1382,
            29597,
            6050,
            9179
          ]
        },
        {
          "coordinates": [
            25346,
            24096,
            23977,
            4644,
            14478,
            3507,
            5343,
            20478,
            16545,
            25571,
            23612,
            7104,
            23835,
            28714,
            29002,
            29183,
            16498,
            2483,
            1289,
            6797,
            10133,
            19029,
            17842,
            18119,
            19316,
            3085,
            15650,
            13120,
            23603,
            24981,
            26153,
            16562,
            16967,
            26064,
            3639,
            24184,
            2186,
            21397,
            2157,
            31668,
            24633,
            3692,
            10813,
            30749,
            22090,
            18222,
            2964,
            25066,
            9235,
            29648,
            1694,
            30489,
            9188,
            8350,
            14029,
            4186,
            5426,
            2726,
            7813,
            2016,
            32317,
            8311,
            25129,
            597,
            22454,
            31993,
            26069,
            22060,
            32464,
            6820,
            25384,
            16446,
            4520,
            14478,
            30524,
            15791,
            21209,
            8146,
            17433,
            17296,
            22311,
            27693,
            20836,
            17442,
            30106,
            17562,
            14331,
            11575,
            9008,
            22709,
            31044,
            10179,
            26425,
            27487,
            2745,
            27393,
            20737,
            22361,
            27886,
            6876,
            29320,
            19087,
            21250,
            7851,
            13509,
            22718,
            12108,
            17719,
            11932,
            13556,
            19641,
            8155,
            22099,
            422,
            5539,
            23608,
            17547,
            3925,
            9848,
            13867,
            7062,
            11885,
            18732,
            24195,
            26831,
            3856
          ],
          "graphs": [
            13150,
            19429,
            4689,
            32283,
            1931,
            29021,
            27975
          ],
          "seed": 2026090707,
          "tensors": [
            13150,
            5301,
            31425,
            30686,
            16819,
            20496,
            27975
          ]
        },
        {
          "coordinates": [
            16637,
            13237,
            19164,
            10933,
            18660,
            20182,
            17865,
            8558,
            16394,
            16897,
            4451,
            23723,
            16032,
            22847,
            28969,
            9040,
            23408,
            16643,
            13204,
            21337,
            20137,
            23522,
            27294,
            15377,
            3520,
            10959,
            17036,
            19503,
            17162,
            22249,
            17205,
            32531,
            30677,
            13073,
            17674,
            4798,
            32557,
            3993,
            18779,
            9427,
            15693,
            22612,
            29199,
            3252,
            29705,
            13735,
            15305,
            3758,
            31762,
            27518,
            22785,
            7853,
            24438,
            6256,
            13372,
            2903,
            5624,
            22173,
            11201,
            8335,
            27372,
            27117,
            17514,
            3305,
            22640,
            8885,
            17332,
            18799,
            19959,
            10641,
            25585,
            19520,
            5067,
            28706,
            29657,
            32503,
            15947,
            29495,
            3826,
            26522,
            1459,
            7857,
            25827,
            16375,
            9384,
            22855,
            871,
            2846,
            26946,
            10043,
            477,
            14216,
            31963,
            19641,
            28800,
            30061,
            13738,
            23162,
            31547,
            26506,
            4551,
            7785,
            6163,
            31629,
            18616,
            21038,
            7508,
            24804,
            21811,
            21878,
            21750,
            31939,
            11979,
            29295,
            25529,
            25692,
            24424,
            28578,
            16996,
            8753,
            13620,
            19060,
            9595,
            18627,
            14652,
            22516
          ],
          "graphs": [
            2345,
            6368,
            22873,
            8215,
            14519,
            12983,
            28872
          ],
          "seed": 2026090708,
          "tensors": [
            2345,
            11134,
            155,
            24693,
            17481,
            25223,
            28872
          ]
        },
        {
          "coordinates": [
            7829,
            27663,
            5605,
            4645,
            18092,
            2710,
            11320,
            7263,
            23942,
            28103,
            6226,
            3000,
            29710,
            12766,
            2522,
            12039,
            10201,
            7976,
            14252,
            20840,
            21192,
            17556,
            3785,
            2255,
            26199,
            8689,
            15437,
            13774,
            3017,
            14589,
            4445,
            28782,
            9860,
            17502,
            7244,
            17663,
            21911,
            28591,
            13471,
            21412,
            29241,
            4953,
            17447,
            22351,
            30848,
            29898,
            31906,
            12967,
            18893,
            18932,
            8090,
            10526,
            21253,
            13884,
            28343,
            19973,
            4817,
            12651,
            19865,
            23535,
            4030,
            14424,
            2630,
            10205,
            27039,
            3094,
            18331,
            14613,
            5111,
            926,
            15812,
            2477,
            28987,
            32142,
            23650,
            3658,
            30123,
            28412,
            3919,
            25396,
            32367,
            25600,
            30264,
            29002,
            3619,
            28951,
            32737,
            23818,
            7462,
            23614,
            31284,
            29290,
            1795,
            18421,
            31573,
            965,
            4958,
            20167,
            26790,
            2496,
            393,
            25704,
            25471,
            24804,
            29952,
            22785,
            20975,
            4777,
            11984,
            10062,
            22591,
            28323,
            4777,
            15862,
            22562,
            7214,
            26943,
            29098,
            32130,
            16387,
            26546,
            14027,
            12429,
            25975,
            19632,
            12987
          ],
          "graphs": [
            25491,
            2405,
            15418,
            24608,
            5770,
            24527,
            20314
          ],
          "seed": 2026090801,
          "tensors": [
            25491,
            518,
            21105,
            31616,
            1680,
            28154,
            20314
          ]
        },
        {
          "coordinates": [
            13927,
            5098,
            17870,
            10201,
            25314,
            24858,
            19758,
            6379,
            7739,
            3802,
            27605,
            14940,
            18258,
            5875,
            7422,
            19741,
            13595,
            10493,
            19546,
            8979,
            11521,
            23993,
            6819,
            12527,
            29969,
            16934,
            7325,
            10024,
            17531,
            25631,
            26715,
            29787,
            12167,
            3736,
            31189,
            18544,
            16019,
            10319,
            18438,
            2741,
            28477,
            2604,
            22254,
            32365,
            19777,
            22811,
            10296,
            13961,
            21896,
            7306,
            11833,
            19206,
            11643,
            8188,
            4668,
            16463,
            28617,
            16241,
            1611,
            14879,
            307,
            2297,
            27052,
            30405,
            23402,
            29232,
            4927,
            5482,
            17690,
            19456,
            23568,
            419,
            15967,
            9903,
            29187,
            17932,
            28803,
            23324,
            29742,
            5450,
            6604,
            20255,
            2045,
            30733,
            11448,
            8309,
            12329,
            1242,
            11694,
            3005,
            29560,
            25484,
            10906,
            22772,
            22378,
            22068,
            23970,
            2373,
            1660,
            28516,
            9968,
            24053,
            19195,
            29225,
            4378,
            16750,
            5622,
            10171,
            19775,
            11612,
            17732,
            16096,
            10252,
            9296,
            2814,
            25055,
            7563,
            11458,
            13630,
            1567,
            27175,
            13446,
            20831,
            10816,
            2942,
            4282
          ],
          "graphs": [
            1349,
            17589,
            31061,
            14832,
            24866,
            17358,
            12334
          ],
          "seed": 2026090802,
          "tensors": [
            1349,
            9561,
            19635,
            12307,
            29356,
            7781,
            12334
          ]
        },
        {
          "coordinates": [
            19128,
            2614,
            27346,
            14409,
            32225,
            20729,
            27244,
            28112,
            12434,
            2869,
            11722,
            28160,
            21629,
            9642,
            8296,
            10079,
            9694,
            6723,
            6314,
            21064,
            5051,
            20416,
            22471,
            32679,
            31108,
            11938,
            31656,
            13685,
            5168,
            17607,
            11820,
            7635,
            19866,
            30035,
            10941,
            22263,
            2686,
            19931,
            13234,
            5028,
            22803,
            17570,
            2671,
            4994,
            20618,
            11697,
            19185,
            24685,
            3670,
            25933,
            32108,
            2333,
            13612,
            5524,
            22960,
            4730,
            25411,
            3267,
            20732,
            19632,
            6152,
            11194,
            9312,
            30624,
            20685,
            1558,
            20610,
            13676,
            16479,
            3601,
            19939,
            22574,
            6020,
            11444,
            24645,
            18178,
            18078,
            16223,
            2140,
            12234,
            3319,
            26295,
            20430,
            30628,
            11287,
            23118,
            9899,
            8458,
            2253,
            19384,
            12921,
            1657,
            26858,
            10023,
            16809,
            4486,
            1318,
            9355,
            23412,
            32693,
            7227,
            21770,
            30361,
            27032,
            894,
            11008,
            26392,
            30397,
            10119,
            31679,
            21537,
            17382,
            21759,
            8754,
            14442,
            27523,
            16857,
            18825,
            6389,
            31070,
            25714,
            4664,
            2849,
            4578,
            12898,
            22858
          ],
          "graphs": [
            790,
            26858,
            18670,
            5380,
            7697,
            20881,
            28562
          ],
          "seed": 2026090803,
          "tensors": [
            790,
            2484,
            22277,
            32675,
            18231,
            30995,
            28562
          ]
        }
      ],
      "tensor_rank": 7,
      "tensor_to_graph_matrix_mod_p": [
        [
          1,
          0,
          0,
          0,
          0,
          0,
          0
        ],
        [
          17544,
          1,
          0,
          0,
          0,
          0,
          30410
        ],
        [
          13700,
          0,
          24889,
          0,
          0,
          0,
          28055
        ],
        [
          2672,
          21920,
          21527,
          15785,
          28675,
          786,
          13153
        ],
        [
          0,
          655,
          0,
          28819,
          0,
          0,
          0
        ],
        [
          12218,
          28689,
          12992,
          29232,
          24360,
          7034,
          13463
        ],
        [
          0,
          0,
          0,
          0,
          0,
          0,
          1
        ]
      ]
    },
    "32771": {
      "identity": "667c3284f500433a4bbbf9d933b5461ce65c94e2f0a4dcefbcd647d5654a3318",
      "prime": 32771,
      "samples": [
        {
          "coordinates": [
            7834,
            27681,
            5608,
            4648,
            18104,
            2712,
            11328,
            7268,
            23958,
            28122,
            6230,
            3002,
            29730,
            12774,
            2524,
            12047,
            10207,
            7981,
            14262,
            20854,
            21207,
            17567,
            3787,
            2257,
            26217,
            8695,
            15448,
            13783,
            3019,
            14599,
            4448,
            28801,
            9866,
            17514,
            7249,
            17675,
            21925,
            28611,
            13480,
            21426,
            29261,
            4956,
            17458,
            22366,
            30869,
            29918,
            31928,
            12976,
            18906,
            18945,
            8096,
            10533,
            21267,
            13894,
            28362,
            19987,
            4820,
            12660,
            19878,
            23551,
            4033,
            14433,
            2631,
            10212,
            27057,
            3096,
            18343,
            14623,
            5114,
            927,
            15822,
            2478,
            29006,
            32164,
            23666,
            3660,
            30144,
            28431,
            3922,
            25413,
            32389,
            25617,
            30284,
            29021,
            3621,
            28971,
            32759,
            23834,
            7467,
            23630,
            31305,
            29310,
            1796,
            18433,
            31594,
            966,
            4961,
            20181,
            26808,
            2498,
            393,
            25721,
            25488,
            24821,
            29972,
            22800,
            20989,
            4781,
            11992,
            10069,
            22606,
            28342,
            4780,
            15873,
            22577,
            7219,
            26961,
            29117,
            32151,
            16398,
            26564,
            14036,
            12438,
            25992,
            19645,
            12996
          ],
          "graphs": [
            1455,
            28143,
            16523,
            30743,
            32685,
            6243,
            13791
          ],
          "seed": 2026090801,
          "tensors": [
            1455,
            18068,
            27655,
            13725,
            6705,
            13914,
            13791
          ]
        },
        {
          "coordinates": [
            13937,
            5102,
            17882,
            10208,
            25331,
            24874,
            19771,
            6383,
            7744,
            3805,
            27624,
            14950,
            18270,
            5879,
            7427,
            19754,
            13604,
            10500,
            19559,
            8985,
            11528,
            24009,
            6824,
            12535,
            29989,
            16946,
            7330,
            10031,
            17543,
            25648,
            26733,
            29807,
            12175,
            3739,
            31210,
            18557,
            16029,
            10325,
            18451,
            2743,
            28496,
            2606,
            22269,
            32387,
            19790,
            22826,
            10303,
            13970,
            21910,
            7311,
            11841,
            19219,
            11651,
            8193,
            4671,
            16474,
            28637,
            16252,
            1612,
            14889,
            307,
            2298,
            27070,
            30425,
            23418,
            29252,
            4931,
            5486,
            17702,
            19469,
            23584,
            419,
            15977,
            9910,
            29207,
            17944,
            28822,
            23339,
            29762,
            5454,
            6608,
            20268,
            2046,
            30754,
            11456,
            8315,
            12338,
            1243,
            11701,
            3007,
            29580,
            25501,
            10913,
            22787,
            22393,
            22083,
            23986,
            2375,
            1661,
            28535,
            9974,
            24070,
            19208,
            29244,
            4381,
            16761,
            5626,
            10178,
            19789,
            11620,
            17744,
            16107,
            10259,
            9302,
            2816,
            25072,
            7568,
            11465,
            13639,
            1568,
            27193,
            13455,
            20845,
            10823,
            2944,
            4285
          ],
          "graphs": [
            1259,
            8619,
            19926,
            29909,
            6830,
            9424,
            12438
          ],
          "seed": 2026090802,
          "tensors": [
            1259,
            9979,
            19706,
            10315,
            19523,
            10466,
            12438
          ]
        },
        {
          "coordinates": [
            19140,
            2616,
            27365,
            14418,
            32247,
            20743,
            27262,
            28131,
            12442,
            2871,
            11730,
            28179,
            21644,
            9649,
            8302,
            10086,
            9701,
            6728,
            6318,
            21078,
            5054,
            20430,
            22486,
            32701,
            31128,
            11946,
            31677,
            13695,
            5172,
            17618,
            11828,
            7640,
            19880,
            30055,
            10948,
            22278,
            2688,
            19944,
            13243,
            5031,
            22818,
            17582,
            2673,
            4998,
            20632,
            11704,
            19198,
            24701,
            3673,
            25950,
            32130,
            2335,
            13621,
            5527,
            22976,
            4733,
            25428,
            3270,
            20746,
            19645,
            6156,
            11202,
            9319,
            30645,
            20699,
            1559,
            20624,
            13685,
            16490,
            3603,
            19952,
            22590,
            6024,
            11452,
            24662,
            18190,
            18090,
            16234,
            2142,
            12242,
            3322,
            26312,
            20444,
            30648,
            11295,
            23133,
            9906,
            8464,
            2254,
            19397,
            12929,
            1658,
            26876,
            10030,
            16821,
            4489,
            1319,
            9362,
            23428,
            32715,
            7232,
            21784,
            30382,
            27050,
            895,
            11015,
            26410,
            30418,
            10125,
            31700,
            21551,
            17393,
            21773,
            8760,
            14451,
            27542,
            16868,
            18837,
            6393,
            31091,
            25732,
            4667,
            2851,
            4581,
            12907,
            22873
          ],
          "graphs": [
            8681,
            32718,
            27147,
            15634,
            29433,
            18712,
            10731
          ],
          "seed": 2026090803,
          "tensors": [
            8681,
            146,
            1560,
            30934,
            9265,
            13143,
            10731
          ]
        }
      ]
    }
  },
  "primitive_quotient_matrix_6x6": [
    [
      "1",
      "0",
      "0",
      "0",
      "0",
      "0"
    ],
    [
      "3/28",
      "1",
      "0",
      "0",
      "0",
      "0"
    ],
    [
      "1/144",
      "0",
      "-25/6",
      "0",
      "0",
      "0"
    ],
    [
      "1/56",
      "1/6",
      "0",
      "0",
      "-25/3",
      "0"
    ],
    [
      "2965/62208",
      "0",
      "125/108",
      "-625/9",
      "125/36",
      "-56250"
    ],
    [
      "276611/5225472",
      "1/72",
      "-575/1296",
      "-3125/108",
      "-1175/432",
      "-114375/2"
    ]
  ],
  "product": "I4_1^2 (repository normalization)",
  "product_correction": [
    "0",
    "-3/14",
    "7/72",
    "-1/28",
    "-593/31104",
    "-61543/2612736"
  ],
  "proof_scope": "Exact modular solves, unique bounded rational reconstruction and fresh value holdouts; polynomial identity validity over Q is not proved by finite samples alone.",
  "schema": 1,
  "verification_seeds": [
    2026090801,
    2026090802,
    2026090803
  ],
  "verified": true
}


FILE results/order10_change_of_basis.json
{
  "degree": 10,
  "fitting_primes": [
    32693,
    32713,
    32717,
    32719,
    32749,
    32771,
    32779
  ],
  "graph_and_product_basis": [
    "I10_1",
    "I10_2",
    "I10_3",
    "I10_4",
    "I10_5",
    "I10_6",
    "I10_7",
    "I10_8",
    "I10_9",
    "I10_10",
    "I10_11",
    "I10_12",
    "I4_1*I6_1",
    "I4_1*I6_2"
  ],
  "holdout_prime": 32783,
  "intersection_rank": 1,
  "literature_basis": [
    "P10_01",
    "P10_02",
    "P10_03",
    "P10_04",
    "P10_05",
    "P10_06",
    "P10_07",
    "P10_08",
    "P10_09",
    "P10_10",
    "P10_11",
    "P10_12"
  ],
  "matrix_12x14": [
    [
      "289944576/27097",
      "-15485184/27097",
      "-65968128/27097",
      "-11038464/27097",
      "55185408/27097",
      "0",
      "0",
      "-23929344/27097",
      "-42799104/27097",
      "48107520/3871",
      "21378816/27097",
      "0",
      "1124000/27097",
      "-433728/27097"
    ],
    [
      "289944576/189679",
      "-3345728/189679",
      "-65968128/189679",
      "-11038464/189679",
      "55185408/189679",
      "0",
      "0",
      "-23929344/189679",
      "-42799104/189679",
      "48107520/27097",
      "21378816/189679",
      "0",
      "-96416/569037",
      "-433728/189679"
    ],
    [
      "148974048/4741975",
      "-92992/4741975",
      "-260715456/4741975",
      "4339512/4741975",
      "113175936/4741975",
      "0",
      "0",
      "-20369376/4741975",
      "6280128/4741975",
      "44915328/677425",
      "22989528/4741975",
      "0",
      "-562393/14225925",
      "-381882/4741975"
    ],
    [
      "50216064/948395",
      "-3843328/2845185",
      "345324288/4741975",
      "1705632/4741975",
      "-916992/4741975",
      "0",
      "0",
      "-11832192/4741975",
      "-49042176/4741975",
      "27631104/677425",
      "-4055904/948395",
      "0",
      "16336696/128033325",
      "-173512/4741975"
    ],
    [
      "272913408/4741975",
      "-12846016/4741975",
      "-157059072/4741975",
      "-548928/948395",
      "99569664/4741975",
      "0",
      "0",
      "-20248128/4741975",
      "-42815232/4741975",
      "13427712/135485",
      "13613184/4741975",
      "0",
      "586778/4741975",
      "-451536/4741975"
    ],
    [
      "137743296/948395",
      "-13829728/2845185",
      "-3102336/189679",
      "-6518256/948395",
      "18279168/948395",
      "0",
      "0",
      "-11747328/948395",
      "-19910784/948395",
      "3842304/27097",
      "2248272/189679",
      "0",
      "127774/948395",
      "-198836/948395"
    ],
    [
      "-50099936/23709875",
      "1128688/23709875",
      "28397504/23709875",
      "6120376/23709875",
      "-6468992/23709875",
      "0",
      "0",
      "8657584/23709875",
      "11481216/23709875",
      "-1866624/677425",
      "4226568/23709875",
      "0",
      "-664462/384099975",
      "185459/23709875"
    ],
    [
      "-551976/677425",
      "61918/2032275",
      "-300528/3387125",
      "-2862/3387125",
      "-1484256/3387125",
      "0",
      "0",
      "23742/677425",
      "1059888/3387125",
      "-498528/483875",
      "-473346/3387125",
      "0",
      "-425561/365809500",
      "5122/3387125"
    ],
    [
      "436034944/355648125",
      "-299888264/1066944375",
      "-5168083072/355648125",
      "32894368/355648125",
      "1555127296/355648125",
      "1536/625",
      "-864/625",
      "-263478224/355648125",
      "-6957632/118549375",
      "1831168/677425",
      "-23123216/23709875",
      "0",
      "89102264/5761499625",
      "2965964/355648125"
    ],
    [
      "149604776/592746875",
      "-52640713/2133888750",
      "-539009584/592746875",
      "2945658/592746875",
      "40975456/118549375",
      "264/3125",
      "-123/1250",
      "-5197303/94839500",
      "-41735364/592746875",
      "32313312/84678125",
      "-38521593/592746875",
      "36/3125",
      "1124158033/768199950000",
      "-2880823/17782406250"
    ],
    [
      "31354147/1778240625",
      "49617331/21338887500",
      "169945586/1778240625",
      "-17147843/7112962500",
      "-51736364/1778240625",
      "-24/3125",
      "111/6250",
      "16547857/7112962500",
      "4987694/592746875",
      "553108/16935625",
      "1303361/94839500",
      "0",
      "-846023623/4609199700000",
      "-1609273/28451850000"
    ],
    [
      "-532058/14225925",
      "2758003/355648125",
      "200841196/592746875",
      "-3441093/1185493750",
      "-191289208/1778240625",
      "-144/3125",
      "1/25",
      "60193171/3556481250",
      "29559136/1778240625",
      "-14762936/254034375",
      "6557417/237098750",
      "0",
      "-212181223/460919970000",
      "-1133249/8535555000"
    ]
  ],
  "matrix_convention": "T_i = sum_j matrix[i][j] * atlas_j",
  "prime_witnesses": {
    "32693": {
      "basis": [
        "I10_1",
        "I10_2",
        "I10_3",
        "I10_4",
        "I10_5",
        "I10_6",
        "I10_7",
        "I10_8",
        "I10_9",
        "I10_10",
        "I10_11",
        "I10_12",
        "I4_1*I6_1",
        "I4_1*I6_2"
      ],
      "coordinates": {
        "P10_01": [
          15653,
          12956,
          1623,
          20691,
          2150,
          0,
          0,
          31384,
          13467,
          17968,
          32191,
          0,
          3655,
          30901
        ],
        "P10_02": [
          11577,
          25267,
          23584,
          26308,
          9648,
          0,
          0,
          32506,
          25276,
          25919,
          18610,
          0,
          25425,
          32437
        ],
        "P10_03": [
          8135,
          8802,
          14862,
          32007,
          25228,
          0,
          0,
          16872,
          17687,
          4936,
          7618,
          0,
          21238,
          20676
        ],
        "P10_04": [
          17552,
          7842,
          16163,
          15319,
          350,
          0,
          0,
          4434,
          1578,
          27431,
          19302,
          0,
          12643,
          25643
        ],
        "P10_05": [
          4427,
          15997,
          22818,
          15053,
          31982,
          0,
          0,
          6948,
          21599,
          9550,
          8522,
          0,
          30761,
          1935
        ],
        "P10_06": [
          1452,
          8520,
          32642,
          7309,
          24697,
          0,
          0,
          952,
          13711,
          19247,
          12051,
          0,
          8986,
          5257
        ],
        "P10_07": [
          7546,
          15221,
          19048,
          7483,
          5249,
          0,
          0,
          1873,
          11801,
          1236,
          24589,
          0,
          1136,
          4795
        ],
        "P10_08": [
          347,
          960,
          253,
          26494,
          24909,
          0,
          0,
          2569,
          17180,
          20655,
          18662,
          0,
          14971,
          8878
        ],
        "P10_09": [
          12369,
          3596,
          24655,
          6957,
          21560,
          3821,
          32587,
          26903,
          12341,
          9656,
          12308,
          0,
          12258,
          23373
        ],
        "P10_10": [
          9978,
          30671,
          20283,
          17963,
          14272,
          17806,
          26442,
          10984,
          12765,
          14206,
          29160,
          32149,
          15565,
          12336
        ],
        "P10_11": [
          11034,
          11425,
          14923,
          29958,
          9035,
          22158,
          10059,
          1743,
          32183,
          10994,
          4567,
          0,
          18017,
          3273
        ],
        "P10_12": [
          30058,
          16504,
          14257,
          11734,
          17144,
          2176,
          23539,
          19326,
          13876,
          21462,
          22131,
          0,
          4914,
          18890
        ]
      },
      "unsolved": []
    },
    "32713": {
      "basis": [
        "I10_1",
        "I10_2",
        "I10_3",
        "I10_4",
        "I10_5",
        "I10_6",
        "I10_7",
        "I10_8",
        "I10_9",
        "I10_10",
        "I10_11",
        "I10_12",
        "I4_1*I6_1",
        "I4_1*I6_2"
      ],
      "coordinates": {
        "P10_01": [
          28896,
          24566,
          21812,
          24613,
          12821,
          0,
          0,
          24392,
          27752,
          25594,
          1226,
          0,
          9213,
          5110
        ],
        "P10_02": [
          4128,
          12920,
          3116,
          17536,
          25198,
          0,
          0,
          26851,
          27331,
          31696,
          14195,
          0,
          27792,
          730
        ],
        "P10_03": [
          30208,
          27814,
          15493,
          25320,
          25111,
          0,
          0,
          15560,
          21438,
          22294,
          30468,
          0,
          25646,
          31731
        ],
        "P10_04": [
          23079,
          28285,
          5100,
          27188,
          15406,
          0,
          0,
          14099,
          25455,
          9824,
          26215,
          0,
          14000,
          24391
        ],
        "P10_05": [
          16086,
          944,
          25918,
          16563,
          795,
          0,
          0,
          8653,
          10320,
          26531,
          27652,
          0,
          30812,
          5610
        ],
        "P10_06": [
          15468,
          31737,
          23685,
          10586,
          24967,
          0,
          0,
          2680,
          17708,
          4069,
          24867,
          0,
          2795,
          30402
        ],
        "P10_07": [
          30205,
          14809,
          25242,
          27214,
          6560,
          0,
          0,
          15328,
          376,
          18176,
          14880,
          0,
          3459,
          25694
        ],
        "P10_08": [
          18888,
          10740,
          16112,
          22192,
          2476,
          0,
          0,
          8652,
          28097,
          10453,
          6066,
          0,
          18183,
          31585
        ],
        "P10_09": [
          16831,
          20266,
          13391,
          5856,
          23573,
          1468,
          23709,
          2322,
          602,
          7428,
          22620,
          0,
          22120,
          1682
        ],
        "P10_10": [
          23039,
          24753,
          20409,
          17758,
          27896,
          20905,
          1858,
          21725,
          22495,
          8687,
          2815,
          25155,
          16312,
          31266
        ],
        "P10_11": [
          2661,
          6180,
          410,
          28220,
          23402,
          15943,
          18335,
          15504,
          23727,
          16281,
          22803,
          0,
          28676,
          22168
        ],
        "P10_12": [
          9437,
          22581,
          16176,
          8477,
          17817,
          30232,
          30096,
          18515,
          8539,
          11678,
          27288,
          0,
          22552,
          32166
        ]
      },
      "unsolved": []
    },
    "32717": {
      "basis": [
        "I10_1",
        "I10_2",
        "I10_3",
        "I10_4",
        "I10_5",
        "I10_6",
        "I10_7",
        "I10_8",
        "I10_9",
        "I10_10",
        "I10_11",
        "I10_12",
        "I4_1*I6_1",
        "I4_1*I6_2"
      ],
      "coordinates": {
        "P10_01": [
          21457,
          6062,
          22310,
          26694,
          25133,
          0,
          0,
          26892,
          3587,
          28334,
          32336,
          0,
          32517,
          30908
        ],
        "P10_02": [
          12413,
          930,
          7861,
          17835,
          17612,
          0,
          0,
          27211,
          14534,
          27417,
          18641,
          0,
          10871,
          18437
        ],
        "P10_03": [
          17930,
          21321,
          3137,
          7618,
          13461,
          0,
          0,
          30162,
          26832,
          31206,
          11037,
          0,
          7498,
          31495
        ],
        "P10_04": [
          14397,
          15659,
          9521,
          9928,
          20091,
          0,
          0,
          20315,
          10867,
          16805,
          30906,
          0,
          16379,
          29253
        ],
        "P10_05": [
          32427,
          30656,
          10761,
          15025,
          9020,
          0,
          0,
          5999,
          17964,
          20638,
          14565,
          0,
          20815,
          19331
        ],
        "P10_06": [
          6400,
          9555,
          4613,
          4047,
          18520,
          0,
          0,
          17843,
          10405,
          13940,
          23708,
          0,
          14640,
          14803
        ],
        "P10_07": [
          26875,
          18675,
          10338,
          28577,
          13224,
          0,
          0,
          25606,
          5087,
          19324,
          246,
          0,
          21798,
          29499
        ],
        "P10_08": [
          25682,
          8356,
          30995,
          13148,
          3096,
          0,
          0,
          14746,
          13880,
          5855,
          28394,
          0,
          8688,
          17463
        ],
        "P10_09": [
          8594,
          25167,
          12308,
          25976,
          8364,
          30992,
          15284,
          1629,
          16912,
          30353,
          18278,
          0,
          22227,
          21154
        ],
        "P10_10": [
          19769,
          21275,
          2502,
          26474,
          16714,
          15788,
          13584,
          21455,
          31564,
          13493,
          2992,
          14050,
          15263,
          21866
        ],
        "P10_11": [
          31230,
          22670,
          23844,
          12559,
          10184,
          1539,
          18934,
          23586,
          7514,
          2433,
          28519,
          0,
          8834,
          5849
        ],
        "P10_12": [
          23413,
          23965,
          19104,
          26514,
          18910,
          9234,
          28791,
          14670,
          14251,
          31529,
          20847,
          0,
          10955,
          17517
        ]
      },
      "unsolved": []
    },
    "32719": {
      "basis": [
        "I10_1",
        "I10_2",
        "I10_3",
        "I10_4",
        "I10_5",
        "I10_6",
        "I10_7",
        "I10_8",
        "I10_9",
        "I10_10",
        "I10_11",
        "I10_12",
        "I4_1*I6_1",
        "I4_1*I6_2"
      ],
      "coordinates": {
        "P10_01": [
          23677,
          17560,
          19451,
          12055,
          21192,
          0,
          0,
          974,
          14841,
          4212,
          24307,
          0,
          9589,
          16070
        ],
        "P10_02": [
          22079,
          16595,
          12127,
          29767,
          21724,
          0,
          0,
          28184,
          30165,
          9950,
          22169,
          0,
          9154,
          11644
        ],
        "P10_03": [
          9742,
          500,
          349,
          14284,
          21310,
          0,
          0,
          24088,
          5167,
          10543,
          20225,
          0,
          8659,
          26601
        ],
        "P10_04": [
          19031,
          9889,
          6282,
          8551,
          20378,
          0,
          0,
          13111,
          10833,
          17802,
          24393,
          0,
          22538,
          22922
        ],
        "P10_05": [
          156,
          11604,
          11369,
          8092,
          31755,
          0,
          0,
          23346,
          24978,
          28072,
          29848,
          0,
          21297,
          11908
        ],
        "P10_06": [
          13067,
          17189,
          6464,
          518,
          21908,
          0,
          0,
          3375,
          10945,
          21944,
          11511,
          0,
          22824,
          31720
        ],
        "P10_07": [
          22350,
          25020,
          425,
          12390,
          23620,
          0,
          0,
          3075,
          13527,
          16752,
          3280,
          0,
          5202,
          6473
        ],
        "P10_08": [
          6172,
          23921,
          18025,
          2051,
          26260,
          0,
          0,
          25844,
          3551,
          27147,
          13671,
          0,
          5274,
          23721
        ],
        "P10_09": [
          22664,
          11296,
          21366,
          1620,
          27104,
          25183,
          4239,
          22034,
          393,
          14239,
          12751,
          0,
          14815,
          7513
        ],
        "P10_10": [
          18774,
          28729,
          18614,
          2674,
          28455,
          30824,
          16150,
          10635,
          16798,
          24318,
          6421,
          22050,
          9308,
          19810
        ],
        "P10_11": [
          27907,
          29761,
          16260,
          29146,
          28610,
          18019,
          25814,
          28565,
          3774,
          4825,
          22874,
          0,
          20574,
          30923
        ],
        "P10_12": [
          25612,
          8142,
          9201,
          27516,
          29926,
          9957,
          27484,
          11585,
          24669,
          24987,
          22198,
          0,
          20074,
          20937
        ]
      },
      "unsolved": []
    },
    "32749": {
      "basis": [
        "I10_1",
        "I10_2",
        "I10_3",
        "I10_4",
        "I10_5",
        "I10_6",
        "I10_7",
        "I10_8",
        "I10_9",
        "I10_10",
        "I10_11",
        "I10_12",
        "I4_1*I6_1",
        "I4_1*I6_2"
      ],
      "coordinates": {
        "P10_01": [
          28800,
          29231,
          23770,
          18849,
          4629,
          0,
          0,
          9240,
          18002,
          7377,
          25629,
          0,
          25852,
          31157
        ],
        "P10_02": [
          22828,
          27632,
          17431,
          16728,
          19375,
          0,
          0,
          1320,
          16607,
          24446,
          22375,
          0,
          6806,
          4451
        ],
        "P10_03": [
          30640,
          25660,
          825,
          9511,
          26763,
          0,
          0,
          12734,
          11856,
          116,
          31119,
          0,
          1548,
          23382
        ],
        "P10_04": [
          11920,
          9281,
          6952,
          6500,
          20499,
          0,
          0,
          5104,
          32470,
          29864,
          31214,
          0,
          14503,
          27154
        ],
        "P10_05": [
          18911,
          24442,
          32195,
          12417,
          19687,
          0,
          0,
          2402,
          21632,
          5282,
          16055,
          0,
          13999,
          32254
        ],
        "P10_06": [
          22968,
          28240,
          436,
          26699,
          23113,
          0,
          0,
          25456,
          28056,
          22613,
          31977,
          0,
          22823,
          32405
        ],
        "P10_07": [
          18687,
          30751,
          29962,
          23203,
          8782,
          0,
          0,
          10424,
          10406,
          17471,
          25639,
          0,
          26951,
          7296
        ],
        "P10_08": [
          9385,
          14260,
          31870,
          2010,
          7616,
          0,
          0,
          9933,
          3712,
          25555,
          29660,
          0,
          24443,
          3749
        ],
        "P10_09": [
          444,
          30047,
          4306,
          8208,
          23971,
          28088,
          575,
          12383,
          29310,
          18536,
          30795,
          0,
          25937,
          9612
        ],
        "P10_10": [
          22886,
          27695,
          7490,
          30714,
          10826,
          26346,
          9877,
          21391,
          27321,
          9095,
          19255,
          9547,
          21693,
          12295
        ],
        "P10_11": [
          17445,
          4356,
          1633,
          12527,
          4975,
          15468,
          21541,
          650,
          28596,
          16918,
          23055,
          0,
          29042,
          352
        ],
        "P10_12": [
          10841,
          19670,
          27510,
          7102,
          16986,
          27310,
          1310,
          17336,
          23179,
          961,
          19623,
          0,
          890,
          19422
        ]
      },
      "unsolved": []
    },
    "32771": {
      "basis": [
        "I10_1",
        "I10_2",
        "I10_3",
        "I10_4",
        "I10_5",
        "I10_6",
        "I10_7",
        "I10_8",
        "I10_9",
        "I10_10",
        "I10_11",
        "I10_12",
        "I4_1*I6_1",
        "I4_1*I6_2"
      ],
      "coordinates": {
        "P10_01": [
          3306,
          18462,
          1854,
          7363,
          28116,
          0,
          0,
          14833,
          18124,
          11852,
          21876,
          0,
          17279,
          19009
        ],
        "P10_02": [
          14517,
          7383,
          9628,
          10415,
          32106,
          0,
          0,
          2119,
          25997,
          25101,
          26533,
          0,
          13386,
          30805
        ],
        "P10_03": [
          7282,
          4241,
          6740,
          3536,
          2144,
          0,
          0,
          20976,
          13737,
          17026,
          18910,
          0,
          30295,
          27397
        ],
        "P10_04": [
          22220,
          18762,
          569,
          23627,
          8463,
          0,
          0,
          22456,
          4607,
          6961,
          797,
          0,
          13116,
          18866
        ],
        "P10_05": [
          31303,
          29020,
          26032,
          2749,
          6226,
          0,
          0,
          1835,
          31618,
          23290,
          6970,
          0,
          10746,
          23553
        ],
        "P10_06": [
          25042,
          32137,
          25585,
          1984,
          12251,
          0,
          0,
          4246,
          18948,
          26503,
          22442,
          0,
          18256,
          27733
        ],
        "P10_07": [
          15493,
          27227,
          21196,
          2182,
          30799,
          0,
          0,
          3297,
          27462,
          15320,
          25215,
          0,
          19077,
          20973
        ],
        "P10_08": [
          19709,
          9692,
          13808,
          18786,
          16796,
          0,
          0,
          497,
          14730,
          17162,
          27778,
          0,
          11762,
          14265
        ],
        "P10_09": [
          17169,
          21789,
          23261,
          3413,
          28358,
          28002,
          29309,
          19876,
          1124,
          24778,
          31843,
          0,
          32488,
          3635
        ],
        "P10_10": [
          17903,
          20247,
          8555,
          7932,
          18486,
          25336,
          22625,
          7019,
          15033,
          30120,
          16125,
          21330,
          25635,
          19508
        ],
        "P10_11": [
          15852,
          872,
          26351,
          16646,
          28365,
          18551,
          24691,
          20374,
          26117,
          2859,
          3012,
          0,
          2878,
          20259
        ],
        "P10_12": [
          25583,
          4975,
          2671,
          8155,
          24638,
          12993,
          24906,
          10192,
          22029,
          8960,
          10040,
          0,
          30757,
          14282
        ]
      },
      "unsolved": []
    },
    "32779": {
      "basis": [
        "I10_1",
        "I10_2",
        "I10_3",
        "I10_4",
        "I10_5",
        "I10_6",
        "I10_7",
        "I10_8",
        "I10_9",
        "I10_10",
        "I10_11",
        "I10_12",
        "I4_1*I6_1",
        "I4_1*I6_2"
      ],
      "coordinates": {
        "P10_01": [
          1757,
          5529,
          10537,
          9350,
          15694,
          0,
          0,
          3623,
          24943,
          12868,
          27355,
          0,
          17432,
          17660
        ],
        "P10_02": [
          251,
          14902,
          6188,
          29432,
          2242,
          0,
          0,
          9883,
          8246,
          6521,
          17956,
          0,
          5606,
          16571
        ],
        "P10_03": [
          2768,
          104,
          16329,
          2614,
          1407,
          0,
          0,
          29368,
          13077,
          17471,
          14242,
          0,
          21206,
          29715
        ],
        "P10_04": [
          26391,
          32626,
          30382,
          3033,
          17494,
          0,
          0,
          3442,
          26964,
          10184,
          9370,
          0,
          12026,
          21964
        ],
        "P10_05": [
          5989,
          29459,
          6996,
          27118,
          26505,
          0,
          0,
          11839,
          30445,
          23293,
          18750,
          0,
          24492,
          3731
        ],
        "P10_06": [
          30597,
          28410,
          1690,
          2610,
          30187,
          0,
          0,
          21112,
          7813,
          26530,
          8315,
          0,
          31258,
          23615
        ],
        "P10_07": [
          743,
          19248,
          11768,
          31022,
          328,
          0,
          0,
          26290,
          6361,
          8319,
          24398,
          0,
          20980,
          21623
        ],
        "P10_08": [
          32092,
          14410,
          8980,
          27438,
          8221,
          0,
          0,
          19706,
          15391,
          29183,
          27455,
          0,
          2486,
          29510
        ],
        "P10_09": [
          29389,
          1107,
          16666,
          10086,
          8398,
          20509,
          19194,
          19806,
          13745,
          23384,
          22570,
          0,
          7454,
          11202
        ],
        "P10_10": [
          25148,
          28312,
          8255,
          1118,
          31491,
          10846,
          32438,
          6359,
          17056,
          4294,
          23250,
          1479,
          12769,
          7012
        ],
        "P10_11": [
          28400,
          15755,
          24227,
          22846,
          24981,
          31793,
          22767,
          21328,
          12544,
          11708,
          6899,
          0,
          5505,
          13179
        ],
        "P10_12": [
          9209,
          31540,
          3568,
          14711,
          15854,
          26863,
          7867,
          32545,
          3025,
          26980,
          9035,
          0,
          2001,
          15237
        ]
      },
      "unsolved": []
    },
    "32783": {
      "basis": [
        "I10_1",
        "I10_2",
        "I10_3",
        "I10_4",
        "I10_5",
        "I10_6",
        "I10_7",
        "I10_8",
        "I10_9",
        "I10_10",
        "I10_11",
        "I10_12",
        "I4_1*I6_1",
        "I4_1*I6_2"
      ],
      "coordinates": {
        "P10_01": [
          26877,
          21842,
          21288,
          28486,
          27148,
          0,
          0,
          1072,
          20269,
          368,
          23246,
          0,
          24502,
          2936
        ],
        "P10_02": [
          27256,
          31284,
          17091,
          13436,
          31978,
          0,
          0,
          14203,
          26312,
          23469,
          22054,
          0,
          372,
          9786
        ],
        "P10_03": [
          3720,
          22060,
          17131,
          26577,
          14122,
          0,
          0,
          1331,
          21849,
          20536,
          5430,
          0,
          2785,
          1468
        ],
        "P10_04": [
          20365,
          9024,
          28706,
          29187,
          24400,
          0,
          0,
          4472,
          20373,
          24491,
          32382,
          0,
          32671,
          741
        ],
        "P10_05": [
          10014,
          19624,
          7960,
          13396,
          11601,
          0,
          0,
          16226,
          21672,
          13681,
          32649,
          0,
          420,
          27967
        ],
        "P10_06": [
          20962,
          13640,
          7957,
          26414,
          4118,
          0,
          0,
          6896,
          31526,
          17382,
          28488,
          0,
          11657,
          30657
        ],
        "P10_07": [
          20042,
          8225,
          12150,
          729,
          32541,
          0,
          0,
          28123,
          19512,
          19575,
          10304,
          0,
          22950,
          12346
        ],
        "P10_08": [
          32482,
          22393,
          32529,
          7942,
          15480,
          0,
          0,
          29133,
          26275,
          20283,
          12516,
          0,
          21940,
          20723
        ],
        "P10_09": [
          17570,
          3909,
          28263,
          18849,
          11112,
          8290,
          24022,
          4534,
          25490,
          15657,
          2696,
          0,
          24135,
          2829
        ],
        "P10_10": [
          14005,
          21319,
          13712,
          568,
          25816,
          15652,
          25728,
          754,
          580,
          20744,
          17653,
          20016,
          28313,
          28583
        ],
        "P10_11": [
          14344,
          23675,
          31488,
          1113,
          29447,
          19439,
          30858,
          21639,
          4244,
          10415,
          11390,
          0,
          17807,
          3275
        ],
        "P10_12": [
          17441,
          6589,
          10674,
          25359,
          27821,
          18285,
          3934,
          3999,
          22157,
          1871,
          28427,
          0,
          20062,
          8898
        ]
      },
      "unsolved": []
    }
  },
  "primitive_quotient_rank": 11,
  "product_span_rank": 2,
  "proof_scope": "Rational matrix ranks are exact. Inherited polynomial maps were fitted and checked on finite samples; this regeneration checks arithmetic and a held-out prime, not new tensor evaluations.",
  "published_span_rank": 12,
  "schema": 1,
  "source_artifact": "results/degree10/B10_coordinates_per_prime.json",
  "source_readings": "See src/sdinv/published_degree10_invariants.py and docs/PUBLISHED_DEGREE10_INDEX_AUDIT.md; AMB-01/AMB-02 readings remain explicit.",
  "source_sha256": "c9121cc23cdc6843b0e1da439c581001d2430734cdd06054af16cdb3d79f88cf",
  "status": "requested invertible 12x12 map does not exist for the implemented source readings",
  "union_rank": 13,
  "verified_reconstruction": true
}

